CCG_CODE,TOTAL_ALL,TOTAL_MALE,TOTAL_FEMALE,MALE_0-4,MALE_5-9,MALE_10-14,MALE_15-19,MALE_20-24,MALE_25-29,MALE_30-34,MALE_35-39,MALE_40-44,MALE_45-49,MALE_50-54,MALE_55-59,MALE_60-64,MALE_65-69,MALE_70-74,MALE_75-79,MALE_80-84,Male_85-89,MALE_90-94,MALE_95+,FEMALE_0-4,FEMALE_5-9,FEMALE_10-14,FEMALE_15-19,FEMALE_20-24,FEMALE_25-29,FEMALE_30-34,FEMALE_35-39,FEMALE_40-44,FEMALE_45-49,FEMALE_50-54,FEMALE_55-59,FEMALE_60-64,FEMALE_65-69,FEMALE_70-74,FEMALE_75-79,FEMALE_80-84,FEMALE_85-89,FEMALE_90-94,FEMALE_95+
00C,106384,52494,53890,3189,3203,3039,3018,3058,3227,3351,3254,3783,4069,3887,3412,3120,3081,2079,1712,1115,649,213,35,3039,3097,2845,3044,3149,3330,3360,3214,3735,3882,3888,3390,3150,3168,2236,2100,1523,1058,561,121
00D,288087,143002,145085,8148,8237,7797,8687,8546,8750,8711,7870,9815,11286,10826,9846,8973,8935,6198,4934,3224,1608,535,76,7670,7909,7383,8134,8439,8476,8437,7830,9839,11059,10766,9890,9139,9166,6661,5751,4334,2674,1208,320
00F,205524,102472,103052,5782,5443,5182,6195,6388,7002,7324,6419,7261,7875,7633,6761,5895,5783,4031,3547,2410,1139,353,49,5463,5463,5002,5923,5982,6872,7086,6068,6999,7555,7323,6452,5808,6098,4563,4246,3187,1891,840,231
00G,161113,81447,79666,3857,3467,3271,5556,12496,9440,7038,5396,5213,5030,4746,4053,3379,2992,1957,1588,1085,626,223,34,3656,3236,3074,6040,14149,8419,5955,4298,4232,4422,4389,3816,3279,2994,2223,1996,1666,1079,586,157
00H,134705,68297,66408,4618,4263,3909,4248,5002,5590,5550,4824,4726,4685,4572,3897,3312,3043,2028,1794,1298,660,240,38,4401,4239,3684,3974,4627,5253,4942,4021,4071,4206,4348,3830,3257,3112,2416,2379,1789,1163,542,154
00J,251154,123992,127162,6670,6571,6165,7965,10987,8295,7760,6934,8439,9285,8713,7892,7441,7342,5149,4032,2583,1282,417,70,6197,6287,5882,8115,11615,8037,7560,6930,8281,9170,8723,7941,7452,7649,5511,4889,3441,2194,1014,274
00K,292237,144658,147579,9173,8995,8303,9063,9722,9766,9335,8320,10033,10868,10652,9478,8393,7893,5223,4413,3058,1408,491,71,8559,8781,7862,8578,9573,9761,9356,8353,9784,10806,10958,9509,8403,8104,5917,5403,4120,2365,1155,232
00L,321209,157710,163499,8088,8711,8634,9201,8708,8558,8195,8303,10267,11799,12289,11483,11220,11480,7772,6065,3946,2136,733,122,7679,7990,8273,8613,8185,8410,8581,8403,10695,12241,12582,11971,11573,11945,8411,7074,5294,3428,1718,433
00M,291705,145987,145718,9296,8902,8088,8813,10596,10991,9715,8534,9591,10504,10369,9288,8072,7955,5587,4551,3018,1498,529,90,8716,8519,7760,8581,10021,10187,9242,7708,9170,10337,10245,9180,8346,8169,6135,5392,4037,2466,1211,296
00N,154659,77153,77506,4233,4113,3905,4466,5151,5343,5078,4577,5475,6036,5917,5412,4633,4360,2950,2551,1710,867,319,57,4053,4008,3851,4229,4659,5192,4860,4206,4914,5722,5824,5160,4701,4426,3347,3089,2555,1689,847,174
00P,283638,141245,142393,7802,7836,7499,8247,9938,10009,9461,8335,10089,10749,10583,9693,8288,7813,5336,4525,3157,1359,463,63,7443,7652,6942,8037,9897,9637,8884,7966,9618,10288,10095,9423,8477,8265,6055,5502,4314,2534,1127,237
00Q,169318,85977,83341,6149,6017,5834,5981,5839,6214,6318,5768,6177,6263,5644,4785,4185,3837,2703,2035,1294,652,241,41,5768,5868,5449,5388,5421,6169,6080,5076,5768,5729,5230,4639,3970,3819,2820,2407,1821,1187,587,145
00R,172048,87084,84964,4561,4655,4352,4977,5531,5682,5649,4890,6311,7119,6878,5861,4945,5210,3841,3072,2030,1061,393,66,4435,4461,4174,4822,5363,5599,5027,4403,5542,6412,6032,5222,4761,5266,4126,3602,2755,1807,910,245
00T,297991,150294,147697,10097,10007,9304,9360,9759,10499,10498,9834,11126,11389,10265,8592,8002,7868,5437,4062,2394,1276,459,66,9572,9386,8434,8741,9381,10511,10106,8950,10300,10599,9778,8359,7800,8003,5941,4614,3544,2244,1175,259
00V,196961,97911,99050,6419,6386,5823,5782,6088,6299,6700,6122,7078,7673,7271,5860,5420,5514,3724,2794,1696,875,327,60,6138,6019,5534,5594,5811,6504,6621,6234,6888,7340,6994,5669,5397,5661,4107,3418,2513,1586,805,217
00W,218547,115383,103164,7460,6991,5746,7217,12309,12357,12514,10659,9190,8117,6491,4895,3411,2564,1945,1704,1078,541,157,37,7102,6760,5475,7474,14032,11326,10321,7678,6354,6084,4888,3680,2969,2399,2080,1894,1398,836,335,79
00X,176426,87842,88584,5244,5199,4797,4887,5023,5300,5600,5424,6525,7050,6627,5513,5312,5611,3953,2807,1740,869,317,44,4925,4888,4538,4770,4863,5581,5448,5319,6399,6851,6418,5553,5334,5660,4095,3132,2353,1482,782,193
00Y,243460,121589,121871,8548,8574,8121,7901,7868,8451,8586,7847,8809,9064,8262,6863,6262,5950,4244,3168,1804,886,331,50,8383,8474,7701,7417,7736,8754,8446,7296,8154,8453,7870,6622,6204,6278,4649,3790,2801,1717,902,224
01A,371968,186321,185647,11791,11891,11124,11418,11592,12519,12130,11206,13142,14117,13262,11574,10883,10908,7289,5429,3419,1849,677,101,11377,11377,10351,10799,11443,12245,12035,10741,12532,13194,12708,11379,10548,10951,7586,6156,4843,3257,1691,434
01C,204724,101131,103593,5498,5795,5446,5539,4917,5194,5770,6077,7359,8111,8065,6798,6436,6790,4740,3814,2715,1425,559,83,5162,5349,5268,5062,4616,5227,5718,5980,7405,8279,7904,6594,6447,7186,5244,4569,3504,2381,1320,378
01D,224372,112525,111847,7732,7695,6853,6982,7319,7775,7977,7236,8206,8604,7852,6736,6229,5542,3809,2891,1757,953,337,40,7264,7184,6414,6902,7351,8043,7896,6759,7521,7830,7420,6661,6004,5697,4172,3397,2617,1727,819,169
01E,210145,106003,104142,6313,6438,5665,6553,8545,7649,8011,6996,7601,7894,7441,6141,5378,5130,3770,3007,1996,1040,373,62,6150,6088,5443,6217,9033,7353,6939,6022,6945,7389,7107,5931,5306,5246,4073,3434,2672,1692,894,208
01F,129078,64434,64644,3986,4098,3660,3906,4131,4380,4437,4163,4719,4889,4624,4117,3874,3562,2379,1735,1049,523,178,24,3896,3883,3575,3696,4124,4391,4271,3915,4517,4598,4689,4208,3940,3535,2483,2022,1481,906,416,98
01G,254618,129040,125578,8996,8095,6619,7309,9741,11438,11327,9193,9158,9285,8506,6996,6056,5712,3969,3210,1958,1031,394,47,8487,7568,6490,7336,10294,11410,10367,7872,8015,8260,7733,6396,5692,5745,4474,3705,2795,1803,903,233
01H,520310,258413,261897,12923,13592,13434,15147,14806,14644,14386,13557,17265,20189,20401,17969,17345,18150,13098,9832,6750,3445,1269,211,12474,12734,12812,14029,14107,14179,14048,13170,17498,19904,19716,17933,17579,18155,13655,11603,8830,5845,2881,745
01J,160641,79489,81152,4924,4911,4521,5068,5644,5776,5391,4583,5518,6175,6394,5433,4308,3531,2624,2248,1554,669,181,36,4553,4595,4334,5028,5605,5940,5423,4523,5286,6151,6251,5276,4346,3771,3054,2938,2240,1229,501,108
01K,160422,80161,80261,4176,4087,3925,5632,7963,5508,5457,4595,5185,5619,5417,4614,4318,4567,3355,2645,1764,938,357,39,3872,3805,3799,5897,8231,4921,4659,4092,4780,5374,5241,4597,4520,4742,3568,3105,2450,1591,797,220
01M,195552,100436,95116,7497,6968,5673,5799,7158,9681,9530,7902,7445,7348,6165,5187,4043,3578,2443,1926,1236,591,228,38,7111,6692,5560,5598,7606,10032,8630,6560,5984,5915,5440,4490,3624,3469,2707,2306,1712,1022,505,153
01N,169560,85469,84091,5541,5033,4156,5255,8509,7846,8214,6703,6189,5961,5189,4443,3670,3094,2084,1493,1115,660,268,46,5369,4779,4091,5311,9311,8296,7845,5837,5121,5102,4710,3914,3472,3055,2244,1996,1660,1192,635,151
01R,177304,88216,89088,5086,5147,4752,5252,5471,5402,5350,5147,6302,7148,6810,5613,5211,5347,3982,2927,1839,1017,354,59,4706,4797,4706,5096,5269,5272,5169,5074,6412,6937,6499,5415,5240,5610,4208,3386,2472,1710,911,199
01T,154964,76294,78670,4397,4070,4115,4628,5192,5155,4883,4290,5243,5816,6243,5240,4556,4114,3037,2501,1671,810,281,52,4038,4048,3964,4606,4840,5204,4770,4218,5175,5854,6188,5301,4477,4347,3520,3186,2580,1475,676,203
01V,122492,59620,62872,2925,3142,3180,3408,3245,3457,3244,3008,3888,4547,4590,4030,3802,4051,3122,2634,1933,970,388,56,2743,2851,3071,3213,3237,3274,3134,3053,3883,4605,4684,4208,3926,4512,3629,3366,2601,1737,886,259
01W,301866,149210,152656,9135,9224,8224,8601,8694,9229,9852,9660,11001,11833,11029,9440,8578,8246,5920,4781,3264,1752,630,117,8764,8457,7909,8013,8424,9520,10172,9459,10766,11596,10979,9273,8490,8802,6719,5801,4677,2936,1493,406
01X,194121,96236,97885,5542,5427,5326,5662,5830,5956,6011,5812,7178,7499,7224,5975,5733,5924,4345,3398,2086,992,280,36,5403,5318,5006,5335,5702,6090,6008,5549,7020,7364,6845,6054,5851,6272,4681,3984,2768,1643,797,195
01Y,241987,120447,121540,7811,7501,6651,7330,7673,8150,7953,7344,8941,9737,9072,7419,6814,6706,4555,3293,2059,998,377,63,7604,7099,6504,6879,7676,8461,8073,7218,8466,9286,8723,7104,6652,6708,5052,4006,2889,1895,1002,243
02A,237070,117676,119394,7474,7617,7033,6901,6668,7504,8350,8107,9232,9351,8633,7296,6065,5674,4089,3464,2425,1245,472,76,7138,7344,6833,6375,6238,7574,8475,8127,8951,9070,8385,6942,6137,6103,4725,4239,3264,2114,1067,293
02D,102503,51088,51415,3149,3181,2826,3061,3085,3045,3048,3006,3772,4249,3923,3343,3098,3055,2049,1493,985,512,186,22,2985,2892,2737,2865,2852,3029,3045,2952,3740,4187,3827,3315,3039,3148,2196,1789,1336,936,457,88
02E,211738,105630,106108,6345,6449,6206,6214,6159,6487,6951,6842,8177,8863,8245,6601,5814,5708,4063,3218,1941,973,317,57,6033,6146,5799,5979,6014,6831,7018,6654,7861,8413,7844,6361,5734,5893,4672,3613,2570,1652,837,184
02F,257367,126999,130368,6801,7096,6710,7414,8204,7841,7873,7313,9046,10028,9798,8188,7710,7659,5679,4460,2947,1585,551,96,6407,6578,6446,7400,8663,7960,7890,7397,8925,9685,9429,8060,7728,8056,6194,5278,4006,2622,1309,335
02G,111987,55344,56643,2954,3221,3203,3513,3605,3221,3002,3009,3813,4479,4191,3589,3352,3489,2577,2093,1218,586,204,25,2789,2989,2957,3586,3783,3107,3009,2941,3927,4179,4078,3678,3506,3743,2803,2375,1576,1011,470,136
02H,321308,160923,160385,9688,9557,8924,9370,9908,10399,10538,9770,12275,13281,11703,9660,9181,9742,7248,4973,2883,1326,437,60,9280,9182,8347,8799,9724,10528,10214,9337,11696,12184,11196,9592,9212,10111,7464,5683,3969,2439,1139,289
02M,150459,73448,77011,3631,3798,3791,4203,3839,4082,3917,3618,4679,5554,5711,5021,4827,5331,4040,3303,2323,1251,469,60,3402,3665,3556,3885,3864,3929,3787,3658,4811,5616,5701,5106,4978,5677,4672,3983,3168,2214,1077,262
02N,156750,77372,79378,4510,4786,4779,4636,4260,4273,4554,4374,5414,5826,5804,5065,4811,4897,3334,2690,1831,1038,419,71,4256,4531,4393,4394,4081,4478,4399,4433,5363,5816,5716,5016,4856,5101,3609,3203,2623,1829,1013,268
02P,252594,125794,126800,7887,7516,6703,7514,7844,8079,8198,7341,9289,10268,9193,7969,7496,7223,5222,3836,2492,1263,415,46,7392,7066,6494,7222,7653,8152,8045,7109,9055,9775,9079,7981,7292,7498,5507,4574,3527,2129,1016,234
02Q,112878,56137,56741,3119,3178,3021,3434,3332,3292,3172,3107,3904,4481,4350,3754,3504,3765,2588,1947,1254,679,219,37,2990,2895,2882,3379,3200,3217,3133,3082,3917,4415,4174,3673,3674,3778,2811,2177,1638,1037,545,124
02R,335659,166303,169356,12092,12147,10830,10489,10275,11352,12126,11170,11834,12079,11304,9963,8665,7653,5113,4269,2827,1465,578,72,11729,11642,10623,9858,10199,12345,12684,10636,11203,11278,11222,9741,8381,7984,5789,5357,4242,2693,1411,339
02T,215948,107319,108629,6819,6717,6444,6591,6474,6712,7065,6650,8122,8623,7888,6921,6151,5943,3986,2884,1860,1007,404,58,6506,6709,6038,6127,6277,6947,6922,6528,8051,8222,7748,6785,6072,6003,4256,3536,2811,1876,957,258
02V,206546,103065,103481,6487,6294,5557,5655,6408,8410,8881,8035,7692,7411,6662,5776,5058,4743,3372,2967,2002,1127,446,82,6206,5822,5303,5453,6604,8738,8369,7178,7064,7011,6742,5608,5151,5175,3780,3432,2788,1886,897,274
02W,120472,64343,56129,5471,5589,4932,4580,6510,6889,7465,5649,4442,3177,2423,2145,1868,928,793,734,440,206,71,31,5322,5344,4727,4658,6049,5869,5210,3961,3372,2560,1987,1890,1522,981,849,776,589,296,127,40
02X,311073,154391,156682,9679,9475,8637,9212,9745,10162,10107,9122,10632,11557,11617,10050,8913,8674,6177,4830,3350,1788,567,97,9171,9209,8296,8976,9415,10501,9801,8483,10322,11659,11256,9788,9019,9065,6610,6008,4580,2845,1350,328
02Y,301198,148432,152766,7537,7844,7858,8607,8494,7631,7454,7587,9902,11038,11406,10325,10184,11158,7925,6239,4211,2170,746,116,6897,7574,7559,8315,7753,7556,7409,7873,10295,11387,11253,10316,10510,11797,8368,7121,5225,3319,1798,441
03A,241880,120892,120988,7376,7444,6727,7469,9377,8265,8054,7513,8943,9340,8477,7204,6588,6478,4319,3494,2150,1181,423,70,7210,7131,6492,7100,8800,7992,7849,7385,8662,8724,8225,7025,6501,6701,4694,4102,3096,2004,1021,274
03C,363329,180911,182418,10202,9117,7954,11379,21811,18021,15655,12723,12261,12116,10671,9058,8052,7522,5143,4147,2850,1542,594,93,9625,8776,7459,12893,25598,16911,13771,10881,11073,11020,10201,8781,7900,8031,5739,5244,4106,2704,1353,352
03D,142386,69777,72609,3400,3669,3927,4008,3572,3521,3330,3162,4342,5317,5647,5065,5050,5462,3829,2974,2004,1050,389,59,3312,3405,3567,3826,3467,3725,3452,3479,4652,5680,5685,5057,5238,5571,3987,3393,2496,1626,791,200
03E,160625,79013,81612,4100,4535,4469,4506,4040,4186,4588,4597,5769,6488,6488,5478,4666,5107,3585,2899,1924,1096,425,67,3856,4260,4296,4403,3812,4353,4605,4599,5796,6654,6139,5368,4951,5239,3945,3457,2628,1921,1027,303
03F,288911,145918,142993,9750,8844,7716,8884,11406,11247,10509,9753,10540,10822,10207,8688,7562,7035,4530,3963,2617,1306,470,69,9270,8369,7140,8478,11823,11247,9977,8359,9251,9815,9688,8168,7349,6926,5165,4650,3712,2274,1081,251
03G,267222,135563,131659,9732,8717,7553,7824,8788,10405,11317,10068,10295,9960,8942,7221,6434,6190,4412,3667,2345,1242,394,57,9207,8488,7305,7502,8920,10150,10044,8470,8953,9015,8151,7087,6373,6273,4938,4405,3172,2011,955,240
03H,168357,84330,84027,5135,5103,4599,5125,5397,5763,5074,4689,5893,6324,6341,5411,5010,4913,3446,2810,1969,927,347,54,4887,4744,4426,4832,5279,5523,5107,4346,5464,6294,6075,5197,4734,5005,3686,3308,2556,1555,792,217
03J,188164,94274,93890,6630,6716,6162,6144,6102,6521,6848,6236,6988,6878,6021,5260,4836,4548,3206,2588,1471,794,278,47,6382,6460,5981,5756,5979,6797,6637,5878,6523,6401,5711,5044,4728,4685,3487,2905,2227,1405,702,202
03K,170080,84942,85138,4765,5057,4714,5014,4997,5229,5038,4638,5737,6733,6489,5602,5376,5422,3844,3023,1858,1011,344,51,4724,4701,4470,4756,4777,5099,4970,4492,5679,6420,6175,5629,5349,5456,4009,3227,2538,1601,846,220
03L,257937,128114,129823,7787,7958,7405,7940,8128,8127,8041,7441,9304,10018,9333,8020,7388,7556,5166,4032,2583,1364,446,77,7669,7554,7137,7547,8001,8180,8128,7225,9006,9575,8965,7987,7365,7769,5649,4922,3579,2176,1104,285
03M,118161,58593,59568,2989,2980,3085,3635,3633,3471,3231,2906,3641,4274,4461,3910,3882,4144,3051,2387,1582,919,336,76,2780,2873,2838,3284,3461,3276,2926,2859,3654,4228,4296,4056,3988,4404,3291,2769,2187,1443,745,210
03N,583278,294258,289020,17117,16670,15192,19254,30408,24154,20865,18785,20485,21002,18950,15859,13745,13566,10201,8226,5403,3035,1146,195,16307,15966,14515,19209,30050,21902,19160,16323,18684,19158,17812,15100,13519,14565,11085,9900,7557,4895,2586,727
03Q,347244,169955,177289,8719,9023,8426,10926,13639,11676,11072,10173,11815,12617,12211,10588,9848,10080,6862,5471,3817,2022,850,120,8266,8755,8323,11660,15839,11591,10821,9892,11641,12447,12151,10506,9910,10651,7568,6644,5057,3361,1751,455
03R,358882,179087,179795,11016,10561,9716,10519,11253,12048,11982,10941,13464,14360,13146,11240,10294,10282,7076,5419,3426,1697,557,90,10298,9996,9395,10020,10956,12089,11593,10184,12901,13833,12665,11229,10393,10612,7677,6314,4870,2939,1432,399
03T,243650,120189,123461,6160,6241,6064,6861,6703,6803,6383,5846,7246,8473,8529,7976,8289,9666,7162,5418,3634,1959,654,122,6044,6023,5848,6414,6380,6854,6183,5813,7464,8678,8808,8336,8701,9758,7402,5791,4410,2795,1368,391
03V,72427,36124,36303,2525,2395,2107,2087,2291,2660,2930,2431,2556,2819,2714,2224,1803,1562,1143,913,529,297,129,9,2452,2314,2045,2043,2387,2977,2758,2267,2353,2724,2567,2164,1813,1633,1293,1014,762,480,207,50
03W,321553,158603,162950,8694,9216,9198,10154,8395,8621,8750,8860,11209,12556,12235,10492,9892,10232,7347,5743,3993,2117,766,133,8167,8663,8811,9122,8278,8615,9186,9319,11537,12664,12114,10295,10133,10638,7792,6809,5205,3395,1764,443
03X,97131,48577,48554,2835,2712,2497,2851,2974,3042,3075,2841,3635,3969,3708,3134,2794,2959,2078,1567,1109,558,206,33,2575,2502,2371,2741,2854,3113,3009,2790,3511,3873,3542,3000,2770,3002,2207,1834,1407,904,440,109
03Y,102177,50900,51277,2865,2840,2630,3060,3127,3062,2974,2760,3616,4148,3864,3348,3147,3282,2427,1734,1189,574,206,47,2662,2695,2619,2879,2936,3053,2937,2657,3627,3969,3608,3248,3050,3392,2575,1996,1592,1067,569,146
04C,377052,191718,185334,12908,12745,11159,12640,18740,17618,17400,14644,13131,12125,11472,9824,8243,6318,4446,3712,2545,1379,539,130,12645,11857,10384,12860,20703,17046,14981,11946,11454,11049,10570,9060,7766,6334,4924,4491,3438,2335,1162,329
04D,229953,112798,117155,6600,6473,6099,7350,8460,7431,6924,6246,7410,8162,8163,6737,6417,6816,5109,3850,2584,1375,525,67,6257,6109,5745,7565,9172,7634,7198,6358,7661,8392,7976,6798,6666,6995,5346,4301,3326,2191,1173,292
04E,186539,92480,94059,5853,5483,4894,5251,5682,6159,6218,5443,6622,7320,6803,5927,5465,5303,3944,2855,1821,1031,351,55,5739,5245,4595,5108,5712,6335,6097,5395,6302,7075,6814,5764,5332,5558,4249,3425,2592,1710,802,210
04F,276088,138254,137834,10342,9898,8831,8256,7773,9423,11237,11270,11225,10691,9358,8005,6791,5847,3731,2615,1667,908,340,46,9776,9356,8404,7694,7900,10372,11514,10805,10408,10007,8951,7817,6977,5997,3914,3039,2327,1544,830,202
04G,645773,322162,323611,20568,20380,18983,19191,19241,20580,22062,21599,24689,25823,23064,19229,17630,17993,11906,8674,5919,3171,1253,207,19534,19964,18129,18327,19551,21467,22089,20711,23613,24474,22115,18670,17921,18326,12418,9786,7561,5359,2857,739
04H,129552,63959,65593,3604,3592,3605,3860,3735,3698,3622,3471,4509,5180,4905,4111,4076,4174,2974,2239,1524,755,274,51,3413,3602,3391,3547,3690,3673,3610,3531,4639,5126,4803,4282,4040,4374,3186,2599,1975,1295,641,176
04J,289726,143647,146079,7176,7564,7511,8334,8430,7969,8031,7833,10326,11694,11333,10070,9438,9716,6967,5214,3423,1834,682,102,7109,7337,7133,7643,7915,7754,7616,7760,10092,11455,10967,9877,9584,10265,7451,6220,4671,3154,1662,414
04K,355006,183355,171651,11273,9988,8469,13097,25435,19524,16295,13095,12126,11351,10058,7995,6856,5885,4131,3441,2486,1294,492,64,10620,9567,8027,13516,26305,15116,12964,10106,9974,10136,9356,7646,6399,5915,4579,4230,3431,2385,1122,257
04L,147729,72741,74988,4432,4230,3902,4029,4203,4409,4582,4258,5197,5862,5579,4636,4348,4483,3111,2590,1692,853,298,47,4071,3956,3680,3962,4198,4660,4599,4374,5295,5746,5504,4625,4455,4712,3535,2981,2189,1533,728,185
04M,94112,46255,47857,2755,2584,2316,2501,2672,2944,3091,2914,3388,3672,3383,2833,2687,2866,2076,1557,1155,586,227,48,2690,2456,2188,2467,2586,3146,3187,2828,3342,3599,3354,2815,2805,2997,2255,1889,1533,1035,558,127
04N,122948,60348,62600,3408,3612,3455,3532,3156,3209,3505,3762,4507,4778,4645,3887,3702,3802,2639,2056,1517,808,322,46,3165,3529,3236,3284,3294,3282,3655,3963,4508,4851,4598,3880,3731,4031,2897,2412,2040,1384,697,163
04Q,130430,64169,66261,3457,3654,3777,3994,3447,3335,3275,3187,4435,5085,4983,4342,4094,4490,3246,2482,1627,886,327,46,3348,3604,3665,3699,3348,3390,3393,3484,4795,5317,4960,4188,4267,4575,3465,2619,1951,1308,719,166
04R,537408,270175,267233,16361,16334,15515,16371,17748,17693,18477,17634,20199,21198,19028,15982,14873,14792,10336,7952,5503,2974,1028,177,15771,15330,14285,15511,17289,17328,17415,16266,18893,19933,18250,15524,14696,15143,11116,9230,7268,4907,2456,622
04V,372195,187710,184485,10281,10564,9968,12253,14696,12070,11413,11144,13415,14284,13487,11526,11202,11305,7652,5749,3829,2032,730,110,9767,9759,9607,10830,12923,11144,11369,10818,13094,13723,12938,11195,11286,11325,7973,6288,4913,3342,1745,446
04X,249735,127157,122578,9308,9020,8140,8035,9996,11176,11398,10207,9529,8475,7305,6262,5196,4243,3155,2551,1819,925,346,71,8962,8499,7614,8182,11001,11179,10410,8233,7771,7353,6577,5689,5046,4383,3529,3046,2410,1626,848,220
04Y,133113,66246,66867,3827,3671,3647,4246,4100,4157,3896,3707,4914,5553,5010,4208,3916,4046,2977,2122,1310,690,224,25,3610,3628,3358,3809,4007,4151,4052,3626,4896,5323,4866,4136,4025,4153,3186,2402,1751,1150,571,167
05A,477347,242231,235116,15742,14829,13310,15886,21454,18577,18226,16525,17551,17479,16095,12927,11014,10430,8031,6201,4218,2527,1033,176,14845,14197,12636,15347,20674,18267,17496,14627,15332,15629,14116,11924,10731,10941,8771,7307,5654,3835,2192,595
05C,313576,156100,157476,9324,9011,8895,9523,9427,9724,9542,9041,11278,12261,11045,9547,9084,9273,7140,5591,3705,1936,650,103,8913,8704,8371,8910,9105,9751,9669,8683,10940,11545,10615,9350,9129,9327,7671,6524,5053,3225,1569,422
05D,136561,68057,68504,4135,4084,3954,4000,4052,4307,4487,3958,4924,5454,5021,4448,3847,3818,2865,2180,1432,769,280,42,3969,4070,3745,3847,3971,4239,4172,3900,4659,5344,4938,4139,3874,4058,3093,2508,2037,1235,573,133
05F,182497,90124,92373,4798,4987,4849,5250,4733,4770,4831,4620,5819,6814,6731,6215,6064,6461,4828,3728,2599,1440,502,85,4502,4457,4632,4814,4586,4906,4871,4564,5912,6941,6674,6341,6210,6704,4973,4159,3282,2322,1212,311
05G,214068,106520,107548,5433,5635,5508,6288,7343,6543,6237,5914,7594,7971,7852,6989,6790,7129,5077,3901,2477,1312,448,79,5061,5344,5184,6258,7414,6023,5908,5791,7239,7903,7511,6835,6895,7219,5317,4505,3490,2237,1154,260
05H,184678,91990,92688,5384,5169,4973,5512,5606,5719,5635,5423,6729,7349,6788,5971,5774,5645,4103,2974,1951,911,336,38,5159,5188,4906,5145,5399,5676,5657,5224,6374,7191,6496,5744,5703,5892,4344,3379,2600,1611,816,184
05J,172379,86080,86299,5158,5256,4879,5206,4910,5138,5480,5375,6135,6700,6203,5549,5408,5311,3660,2542,1776,994,352,48,4772,4881,4460,4908,4735,5161,5497,5160,6032,6477,6136,5712,5515,5277,3646,2922,2380,1589,828,211
05L,547000,279736,267264,20239,19231,17175,17745,21806,24558,24010,20989,20849,19579,16814,13936,11403,9594,7928,6450,4351,2167,779,133,18833,18409,15972,17114,22202,23617,22106,17362,17481,17366,15507,12575,10952,9833,8762,7708,5713,3625,1697,430
05N,300751,148478,152273,7416,7863,8212,9313,8032,7787,7516,7458,10020,11448,11379,10137,9964,10716,8003,6077,4095,2108,794,140,6959,7523,7843,8407,7302,7576,7572,7619,10157,11686,11246,10202,10262,11222,8614,6766,5250,3525,1998,544
05P,239813,117774,122039,7158,7283,7093,7425,6869,7042,7190,6835,8455,9448,8556,7264,6381,6900,4972,3810,2776,1656,568,93,6758,6764,6602,6976,6760,7456,7471,7005,8460,9229,8845,6990,6844,7373,5514,4701,3903,2677,1356,355
05Q,212988,105488,107500,5907,6200,5841,6180,6078,6342,6397,6123,7874,8390,7651,6743,6556,6684,5021,3648,2261,1144,391,57,5630,5696,5532,5812,5998,6324,6418,6107,7694,8110,7728,7069,6666,6987,5383,4094,3068,1961,975,248
05R,274533,137414,137119,7120,7541,7309,7516,7147,8523,9073,9126,10163,10969,10405,8837,8180,8560,6184,4877,3214,1869,681,120,6825,7176,6837,6987,6828,8104,8384,8323,9834,10605,9885,8465,8334,8914,6669,5604,4239,3017,1652,437
05T,295947,146314,149633,7849,8173,7952,8809,8290,8138,8529,8242,10263,11516,11118,9566,9226,9593,6948,5505,3763,1961,759,114,7627,7722,7824,8453,8146,8271,8524,8276,10102,11250,10677,9513,9561,9873,7524,6077,4837,3206,1732,438
05V,145258,73067,72191,3669,3856,3622,4122,4674,4423,4395,4118,5265,5720,5384,4768,4599,4825,3742,2793,1785,919,329,59,3389,3756,3526,3666,3811,3986,4074,3933,4990,5581,5315,4686,4640,5152,3931,3079,2231,1469,780,196
05W,282231,142759,139472,9417,8942,7651,8319,10220,10614,10378,9079,10260,10417,9729,8502,7616,7405,5487,4132,2691,1408,444,48,9088,8767,7298,7967,9738,10280,9515,7932,9273,9646,8919,8004,7309,7471,5786,4868,3789,2409,1170,243
05X,175648,87766,87882,5758,5611,5240,5784,6107,5660,5595,5480,6461,6812,6197,5275,4920,4604,3413,2362,1480,723,234,50,5421,5322,4965,5552,5744,5809,5599,5172,6365,6646,6134,5146,4876,4947,3554,2761,1940,1165,605,159
05Y,274131,136671,137460,9523,9289,8587,8603,8735,9204,9137,8294,9744,9917,9319,7930,7036,6748,5452,4285,2864,1412,492,100,8902,8760,8176,8228,8764,9563,9301,7802,9078,9544,8882,7680,6966,6947,5867,5125,3975,2396,1201,303
06A,262783,131559,131224,8917,8320,7471,8123,9000,9526,9399,8882,9928,9799,8752,7308,6593,5869,4723,3936,2739,1596,553,125,8302,7953,7240,7759,9207,9672,9292,8021,9076,9069,8415,7114,6503,5963,5235,4643,3758,2465,1176,361
06D,112747,56189,56558,3044,3056,2929,3053,3039,3031,3112,3061,3941,4380,4109,3522,3742,4320,3111,2299,1395,767,241,37,2812,2842,2818,2884,2834,3027,2900,2954,3896,4360,3885,3546,3889,4410,3226,2474,1815,1200,622,164
06F,451046,224824,226222,14330,14227,13270,13680,13279,13836,14773,14613,16658,18145,16885,14183,12214,12041,8394,6603,4331,2393,845,124,13936,13640,12520,12335,12801,14223,15337,14785,16302,17350,16385,13650,12549,12474,8946,7511,5657,3584,1818,419
06H,895251,448590,446661,28247,26868,24406,27421,32121,33552,33904,32018,32689,32909,29929,25619,22778,22897,15662,12374,8387,4718,1783,308,26711,25285,23182,26371,31790,33242,32780,29325,31111,31402,28985,25081,23593,23401,16923,13878,11063,7485,3976,1077
06K,579033,287378,291655,18404,17876,16940,17563,17947,18020,19359,19210,21572,23418,21684,17761,14575,14126,9957,8312,6126,3174,1164,190,17426,17085,15995,16649,17823,18622,20215,19240,21126,22647,20612,16720,14452,15019,11128,10082,8136,5299,2694,685
06L,393995,195378,198617,10767,11423,11208,11805,10413,11397,12241,11807,13548,14636,13972,12375,11991,12703,8868,7126,4996,2798,1091,213,10556,10942,10482,10910,10435,11706,11891,11144,13265,14466,13772,12530,12440,12961,9291,7979,6326,4452,2346,723
06M,233666,116157,117509,6252,6168,6122,6864,6977,7049,6513,6290,7471,8359,8050,7257,7307,8665,6113,4740,3257,1828,751,124,5935,5909,5962,6449,6423,6538,6249,5854,7291,8312,7910,7426,7623,8779,6462,5293,4267,2910,1520,397
06N,618274,306935,311339,20650,20285,18455,17567,16109,18733,21559,23468,24735,25058,22745,18498,15390,14451,9887,8223,6098,3484,1315,225,19808,19250,17658,16964,16163,19989,23229,22769,23481,23608,21465,17649,15265,15269,11082,9911,8201,5706,3039,833
06P,220354,113060,107294,8885,8459,7334,6971,7489,9361,10143,8989,8152,7895,7107,5811,4568,3779,2846,2554,1585,806,280,46,8310,8014,6822,6672,7598,9772,9454,7615,6941,6931,6209,5124,4306,3747,3056,2796,2005,1137,619,166
06Q,377807,185997,191810,11046,11298,11075,11353,10424,10668,11242,11387,13732,14568,13527,11813,10987,11717,7838,6115,4076,2170,823,138,10403,10843,10399,10633,10518,11301,11804,11891,13840,14788,13378,11932,11117,12336,8350,6858,5295,3607,1979,538
06T,331128,161155,169973,9553,9153,8815,10113,11203,9569,9161,8965,10654,11558,10731,9409,9239,10961,7995,6377,4295,2401,841,162,9054,8913,8284,9673,11494,10052,9733,9454,10777,11765,10916,9846,10145,11775,8763,7107,5693,3846,2147,536
06V,168986,82586,86400,3665,4068,4142,4515,3976,3741,3638,3647,5174,5901,5903,5745,6102,7232,5429,4270,3064,1640,628,106,3539,3808,3875,4365,3603,3626,3724,3813,5288,6090,6178,6083,6674,7590,5507,4670,3675,2500,1412,380
06W,213085,105696,107389,6131,5537,4871,6058,9739,8873,8496,7435,7695,7550,6750,5435,5169,5185,3594,3043,2278,1282,499,76,5751,5364,4532,6494,11264,9127,8013,6703,6682,6841,6121,5617,5153,5484,3985,3558,3097,2206,1127,270
06Y,228957,112873,116084,6444,6432,6324,6749,5871,6132,6266,6132,7811,8487,8156,7047,7000,7971,5898,4634,3083,1690,649,97,6128,5983,6016,6439,5755,6264,6386,6372,8010,8643,8162,7311,7337,8426,5939,4881,3852,2511,1335,334
07G,166432,82148,84284,6216,6021,5209,5231,5188,5356,5714,5806,6277,6544,5575,4543,4047,3884,2438,1865,1259,696,251,28,5832,5788,4878,5087,5195,6043,6561,6087,6095,6189,5318,4312,4075,3990,2847,2285,1732,1237,591,142
07H,295599,144930,150669,9511,9559,8616,8807,7970,8509,9352,9346,10546,11416,10873,9412,7808,7930,5279,4208,3209,1783,693,103,9116,8919,8202,8022,8053,9444,10171,9816,10914,11576,10693,9052,8141,8221,5866,5137,4340,2973,1587,426
07J,167465,81947,85518,4315,4480,4064,4506,4491,4551,4320,4242,5269,5809,5815,5289,5333,6236,4624,3807,2742,1418,554,82,4279,4046,4076,4396,4291,4724,4350,4265,5423,5743,5877,5543,5923,6582,5061,4226,3208,2133,1124,248
07K,240976,119312,121664,6579,6621,6423,6746,6191,6788,7375,7249,8615,9229,8722,7305,7400,8112,5936,4662,3033,1573,660,93,6157,6491,6070,6353,6130,6991,7136,7013,8317,9164,8463,7630,7778,8729,6311,4981,3715,2569,1316,350
07L,204650,102516,102134,9827,9097,6853,6531,6681,8080,8778,8526,7870,7342,6285,4752,3579,2806,1863,1584,1167,624,245,26,9213,8806,6691,6285,7090,8993,9312,8095,7129,6589,5535,4181,3423,2928,2226,2115,1697,1126,552,148
07M,388082,188544,199538,13922,13195,11202,10747,11658,15440,16649,15401,14177,12882,11693,9978,8353,7452,5223,4419,3293,1850,820,190,13346,12563,10869,10253,13718,17110,18135,15651,14038,13186,11700,10033,8737,8319,6272,5529,4498,3144,1807,630
07N,228838,110864,117974,7783,7530,6941,7164,7044,6978,7014,6983,7691,8470,8040,6612,5548,5529,3810,3384,2423,1327,524,69,7359,7258,6759,6941,7299,7768,7959,7488,8043,8845,8072,6590,5848,5984,4566,4196,3376,2226,1135,262
07P,353372,182671,170701,12248,11397,9876,9743,12114,18816,20421,16805,14388,13028,11302,9242,6822,5219,4093,3401,2263,1009,396,88,11699,10890,9576,9152,12211,17767,17577,13816,11851,11373,10444,8346,6635,5477,4588,3934,2830,1629,697,209
07Q,334551,164386,170165,10892,10485,9546,9538,8596,9689,10974,11785,12936,13388,12356,9951,8397,8598,5770,4777,3713,2030,834,131,10247,10094,9219,8952,8942,10430,11826,12025,12545,13141,11777,9550,8678,9168,6760,6018,5124,3394,1796,479
07R,259286,125954,133332,6536,5840,5073,5928,13278,16298,16441,12694,9774,8143,6356,5105,4061,3631,2486,1946,1339,695,292,38,6264,5779,5200,7124,20902,18336,15448,10897,8400,7140,5820,4799,4219,4016,2919,2449,1708,1125,603,184
07T,285135,141653,143482,10865,9475,7968,7246,8382,15044,17798,14145,11662,10549,8501,6178,4439,3218,2265,1908,1166,601,201,42,10260,9217,7703,7388,10528,19307,18724,12979,9903,9002,7562,5723,4228,3307,2594,2132,1483,899,436,107
07V,392833,195768,197065,13968,13084,11424,12302,12178,14830,16198,15547,14781,15393,13951,11025,8690,7628,5221,4380,2936,1518,597,117,13475,12624,11188,11258,12320,15815,16826,14714,14036,14634,13410,10595,8696,7995,5974,5215,3930,2595,1370,395
07W,408332,211928,196404,14687,13647,11394,10889,13647,20685,23201,20671,17172,15332,12921,10189,7992,6468,4705,3911,2535,1276,524,82,13772,12902,10808,10421,13608,19426,20313,16400,13894,12926,11306,9481,7851,6784,5343,4540,3340,2006,978,305
07X,314476,152798,161678,11913,11766,10014,9746,9252,11071,11785,11289,11314,11473,10195,8349,6419,5843,4350,3606,2501,1370,441,101,11377,11167,9626,9339,10268,13014,13183,12246,11519,11579,10353,8333,6818,6288,5056,4424,3444,2156,1166,322
07Y,292113,150569,141544,11097,9854,7709,7645,9116,14945,17176,14422,11885,10504,9039,7190,5801,4858,3470,2711,1869,904,311,63,10508,9270,7421,7205,9229,13962,14989,11949,10061,9236,8132,6930,5796,5120,3751,3192,2386,1417,779,211
08A,276026,136051,139975,11117,9867,7685,7608,8977,11772,12870,11778,10841,10135,8880,6775,5199,4555,2989,2395,1551,765,260,32,10620,9357,7427,7804,10455,13214,13969,11793,10322,9518,8111,6372,5084,4836,3508,2969,2171,1485,768,192
08C,199747,98402,101345,6044,5381,4488,3983,5578,12109,13873,10232,8095,6942,5646,4212,3414,2917,2071,1578,1047,568,182,42,5786,5366,4291,4114,8168,15133,12853,8833,7418,6458,5111,4074,3419,3136,2547,1880,1369,852,428,109
08D,291066,144383,146683,9779,9008,7843,7552,8554,13807,15761,13755,12348,11415,9553,7108,5284,4252,3096,2555,1657,748,250,58,9432,8745,7649,7549,10367,15710,15656,12827,11282,10772,8939,6828,5626,4710,3519,3051,2118,1174,571,158
08E,250239,125204,125035,8514,8032,7320,7920,7932,10462,11250,10180,8867,8240,7851,6799,5761,5036,3811,3308,2244,1123,475,79,8227,7593,6640,6766,8156,10684,10910,9125,7982,8361,7766,6920,6010,5545,4433,3903,2881,1902,936,295
08F,256334,125023,131311,8019,7750,7222,7749,7875,8064,8109,7745,8582,9436,9195,7868,6784,6807,4562,3955,2991,1626,605,79,7647,7487,6933,7478,7942,8737,8805,7886,8460,9422,9025,7639,6965,7323,5518,5005,4397,2911,1407,324
08G,292706,148898,143808,10498,9716,8391,9260,11288,11482,12394,11593,11096,11114,10140,8063,6511,5685,3984,3372,2453,1267,510,81,9942,9363,8046,8588,10764,11691,11887,10338,9663,9748,8907,7335,6074,5946,4471,4276,3344,2019,1110,296
08H,226467,111642,114825,6657,5646,4685,4854,7260,13783,15408,11282,9102,8379,6731,4834,3844,3237,2283,1735,1131,572,192,27,6428,5308,4559,4895,9863,17079,15724,10182,7948,7384,6099,4587,3732,3371,2505,2120,1586,931,430,94
08J,197277,97549,99728,6445,6077,5111,5272,7015,7187,8105,8764,8512,7874,6421,5102,4364,3931,2717,1973,1452,824,327,76,6250,5940,5105,5688,8626,7811,8614,8204,7746,6841,6070,4881,4262,4091,2835,2405,1942,1386,813,218
08K,369647,185741,183906,11229,9988,8460,8214,11179,22296,23612,19555,16373,15147,12133,8360,5979,4570,3238,2523,1722,794,310,59,10981,9597,8269,8094,14808,27166,23268,16792,13460,12373,10459,7645,5633,4558,3650,2917,2142,1361,582,151
08L,304253,148095,156158,11755,9844,8069,7790,9185,12992,14945,14043,12389,11921,9861,7252,5257,4206,3111,2548,1703,827,324,73,11078,9661,7740,7914,11494,15872,16260,13964,11786,11479,10118,7143,5196,4598,3762,3206,2363,1577,728,219
08M,362777,191036,171741,14863,13000,10841,10439,14959,24888,23541,18162,14550,12213,10030,7635,5271,3631,2604,2160,1407,596,208,38,14391,12593,10639,10421,15127,20950,18841,13866,11410,10335,8600,6583,5167,3899,3188,2547,1641,969,460,114
08N,288898,144135,144763,11354,10423,9287,8696,9330,12172,13613,11985,10203,9625,8675,7254,5911,5197,3585,2977,2090,1195,495,68,10975,9931,8627,8289,9335,12986,13746,11011,9674,9284,8261,7265,6137,5278,4159,3597,2930,2025,955,298
08P,207264,102430,104834,7385,6769,5484,4817,4632,5783,7959,9829,9836,9050,7579,5911,4898,4605,2873,2153,1531,900,363,73,7043,6569,5505,5026,5526,6658,9066,9545,9058,8131,6791,5499,4945,4820,3296,2544,2130,1553,868,261
08Q,304323,151098,153225,10557,9011,7222,7391,10110,16257,17566,14969,13245,12139,10072,7049,4916,3695,2571,2060,1288,697,245,38,10242,8609,7058,7275,13113,18741,17869,14120,11466,10661,9108,6642,4742,3984,3093,2599,1942,1216,594,151
08R,217673,109054,108619,7701,7078,5620,5360,5949,9180,11305,10834,9284,8339,7024,5513,4371,3899,2679,2185,1554,790,321,68,7489,6780,5433,5072,6494,10262,11360,9520,8104,7414,6598,5313,4576,4029,3056,2619,2131,1389,765,215
08T,187619,92394,95225,6660,6153,5457,5465,5236,5988,6910,7194,7338,7586,6587,5335,4319,4042,2768,2345,1661,935,352,63,6201,5818,5226,5236,5268,6467,7635,7157,7053,7432,6551,5110,4370,4523,3149,2987,2327,1643,833,239
08V,282403,146003,136400,10600,8853,7456,7218,12035,21203,21459,15669,11148,8152,6400,4906,3198,2376,1784,1668,1135,527,181,35,10042,8716,7376,7337,14435,22410,19051,11757,7649,5999,4901,4056,3394,2535,2161,1867,1414,870,352,78
08W,293771,149727,144044,11602,10151,8442,8212,9814,14273,15425,13737,12243,11050,9303,7077,5323,4314,3164,2658,1725,832,321,61,11005,9527,8236,7666,10549,14302,14320,11986,10500,10137,8383,6534,5326,4514,3540,2965,2175,1407,772,200
08X,375569,182682,192887,12738,10095,7744,7012,9606,20773,26339,21850,16492,12918,10244,7226,5692,4782,3440,2711,1730,868,350,72,12267,9785,7630,7216,14016,28469,28403,19667,13864,11397,9102,6987,6195,5411,4079,3337,2448,1561,797,256
08Y,234746,118483,116263,6573,6036,5017,4528,5816,9916,12828,12666,11706,10605,8695,6384,5234,4350,3198,2308,1439,764,323,97,6261,5776,4876,4596,7781,13241,13943,10963,9099,8253,6786,5520,4916,4516,3288,2613,1755,1192,674,214
09A,197291,103649,93642,4652,4048,3448,4800,10608,11360,12080,10868,9321,7962,6521,4905,3781,3240,2211,1656,1193,675,260,60,4477,3909,3428,4956,12145,11236,10421,8066,6246,5367,4770,3974,3585,3275,2404,2068,1548,1071,522,174
09C,126359,62114,64245,3884,4046,3963,4154,3718,3658,3685,3700,4502,4963,4522,3634,3394,3645,2494,1866,1251,693,303,39,3838,3909,3819,3760,3654,4038,3832,3890,4712,4970,4283,3734,3508,3918,2721,2132,1683,1092,573,179
09D,304819,152710,152109,7861,7668,6930,8470,13138,13229,13287,12757,13603,12871,10569,8035,6581,6099,4061,3204,2296,1364,553,134,7618,7383,6696,9278,15619,13878,12772,11478,11859,11125,9229,7095,6172,5999,4455,3824,3308,2495,1391,435
09E,216057,105301,110756,5205,5526,5685,7965,10603,7075,5982,5484,6476,7238,6805,6225,5938,6506,4599,3591,2318,1417,564,99,4877,5165,5239,8373,12293,6760,5810,5483,6624,7213,6951,6287,6206,7097,4990,4042,3316,2370,1285,375
09F,188342,90668,97674,4984,4962,4827,5463,5134,4968,4881,4699,5733,6410,6457,5554,5484,6487,4717,4055,3009,1906,789,149,4702,4492,4416,5477,5164,5208,5194,4979,5768,6615,6386,5932,6216,7188,5401,4819,4301,3085,1794,537
09G,495354,240716,254638,13110,13177,12460,13626,13410,12991,13180,12886,15858,18357,17326,15386,14770,17002,12778,10302,7498,4419,1875,305,12121,12298,11868,13097,13091,13076,13393,13261,16147,18202,17457,15911,15884,18870,14379,12398,10283,7352,4338,1212
09H,128016,64372,63644,4647,4147,3863,4007,3841,4662,5614,4958,4938,4937,4488,3703,2977,2616,1715,1308,1049,637,238,27,4264,3943,3512,3544,3850,5230,5441,4681,4423,4438,4163,3616,3001,2750,1838,1644,1649,1060,482,115
09J,253646,124404,129242,8524,8167,7589,7694,7480,8227,8301,7919,8835,9587,8787,7466,6431,6415,4615,3682,2718,1435,449,83,8331,7844,7016,7315,7704,8989,9087,8077,8881,9544,8738,7309,6673,7029,5084,4538,3576,2149,1091,267
09L,176033,86748,89285,5812,5643,5149,5081,4392,4905,5643,6301,6751,7100,6561,5330,4630,4686,2995,2447,1742,1092,419,69,5641,5381,4984,4868,4398,5286,6198,6296,6708,6800,6184,5135,4724,4677,3515,2857,2548,1802,974,309
09N,219708,108926,110782,6114,6432,6224,7085,7466,6927,6837,7232,8113,8382,7888,6748,5760,5778,4056,3240,2490,1419,617,118,5893,6127,5836,7159,7858,6510,6641,6955,7790,8112,7658,6522,5776,6131,4483,3942,3280,2333,1371,405
09P,183602,89624,93978,4841,4948,4757,5495,4863,4845,4710,4614,5652,6804,6672,5792,5810,6708,4597,3676,2596,1492,629,123,4595,4656,4567,5069,4856,4945,4730,4634,5772,6690,6425,6133,6287,7070,5096,4401,3541,2550,1545,416
09W,292037,143932,148105,9703,9388,8804,9444,9541,9973,9660,9106,10044,10986,10257,8703,7713,7683,5002,3841,2465,1159,387,73,9131,9156,8468,9082,10029,10196,10162,9400,10077,10886,10353,8651,7778,8048,5349,4611,3298,2068,1105,257
09X,229220,112921,116299,6571,6892,6980,7059,5499,5969,6638,6970,8568,9409,8785,7440,6456,6659,4536,3515,2776,1468,621,110,6313,6660,6499,6620,5302,5948,6764,7354,8698,9169,8572,7372,6590,7064,5016,4299,3595,2645,1418,401
09Y,358506,178320,180186,12020,11355,9963,9484,8818,10547,12704,13703,14301,14583,13519,10913,9107,8788,6269,5224,3835,2119,899,169,11379,10744,9344,9053,9283,11475,13324,13405,13623,13661,12501,10215,8932,9141,6894,6194,5112,3403,1936,567
10A,201988,99607,102381,5563,5638,5480,6214,5696,5639,5384,5277,6425,7572,7298,6621,6304,7138,4965,3820,2550,1342,561,120,5361,5422,5186,5820,5709,5537,5642,5402,6521,7258,7063,6666,6517,7247,5292,4269,3381,2406,1322,360
10C,92940,46045,46895,2769,2842,2657,2671,2418,2683,2883,3157,3688,3802,3568,2959,2439,2470,1864,1415,1011,548,169,32,2640,2716,2583,2508,2494,2714,3094,3107,3622,3718,3362,2838,2512,2647,1953,1681,1312,860,413,121
10D,107808,53555,54253,3623,3554,3221,3421,3384,3358,3316,3083,3616,4053,3792,3335,3026,3257,2199,1605,981,535,174,22,3376,3235,3169,3268,3309,3467,3527,3150,3673,3935,3736,3158,3092,3365,2251,1831,1351,826,440,94
10E,142590,69586,73004,4290,4249,4178,4551,4164,4062,3945,3742,4387,4846,4848,4269,4183,4699,3383,2545,1744,1023,403,75,3991,4007,3718,4167,4285,4373,4088,3898,4479,4970,4879,4353,4494,5055,3678,3023,2501,1763,1025,257
10G,138074,68656,69418,4314,4462,4413,4455,3635,4149,4652,4830,5512,5721,5455,4423,3588,3215,2157,1676,1167,584,215,33,4137,4250,4137,4442,3617,4331,4889,4891,5424,5548,5268,4162,3428,3438,2296,2025,1489,966,543,137
10H,329429,162285,167144,10047,10650,10178,9691,8766,8985,9696,10456,12161,13077,12259,10405,8922,8789,6385,5323,3698,1924,751,122,9524,10093,10012,9418,9071,9434,10358,10944,12241,12799,11980,10152,8972,9215,7017,6091,4674,3069,1618,462
10J,219136,109373,109763,7018,6797,6355,6439,5645,6388,7505,7592,8728,9112,8455,6738,5892,5901,4138,3043,2048,1088,420,71,6582,6388,6000,6065,5701,7044,7760,7448,8267,8644,8077,6482,5908,6328,4277,3435,2519,1711,864,263
10K,201821,99065,102756,5766,5823,5583,6072,5901,5648,5465,5310,6714,7538,7750,6852,5764,6421,4352,3558,2619,1344,506,79,5478,5458,5294,5394,5279,5906,5833,5705,7060,7916,7636,6508,6065,6868,5024,4226,3507,2140,1180,279
10L,141713,69195,72518,3395,3598,3581,4125,3720,3796,3498,3454,4173,5123,4920,4648,4712,5599,4067,3008,2066,1138,482,92,3242,3298,3349,3790,3531,3617,3441,3427,4427,5326,5168,4864,5093,5906,4347,3377,2824,2010,1170,311
10M,115867,57933,57934,3645,3628,3667,3550,2973,3414,3742,3849,4569,4765,4430,3644,3155,3218,2167,1573,1081,588,235,40,3410,3443,3466,3529,2930,3362,3755,3919,4395,4600,4070,3611,3213,3242,2190,1765,1405,959,544,126
10N,108980,54377,54603,3703,3510,3051,3032,2715,3364,3930,4261,4390,4369,3890,3301,2764,2756,1912,1553,1014,632,196,34,3443,3359,2926,2803,2704,3729,4082,4094,4169,4029,3594,3163,2901,2873,2141,1756,1308,912,509,108
10Q,701547,350160,351387,20802,20345,19396,22542,27138,25313,24968,23143,24982,26437,24714,20332,17849,17367,12372,10073,6940,3771,1417,259,19397,19589,18174,21483,27033,25582,24887,22200,24272,25507,23519,19635,18122,17817,13718,11187,8832,6160,3353,920
10R,218374,110220,108154,6792,6221,5480,6748,10747,9107,9080,7831,7935,7917,7454,6007,4934,4890,3296,2564,1788,968,393,68,6575,6021,5121,6726,10996,9164,8326,6684,6936,7299,6695,5587,4740,4871,3529,3176,2565,1814,1059,270
10T,147710,75130,72580,6369,5825,4772,4350,4605,6228,7335,6708,6092,5320,4512,3831,2967,1977,1529,1258,839,419,166,28,6247,5612,4441,4098,4595,6866,7693,6138,5064,4533,4015,3396,2570,2056,1647,1403,1160,663,300,83
10V,209561,102878,106683,5856,5879,5806,6222,5899,5750,5495,5258,6841,7918,8048,7133,6276,6607,4861,3918,2868,1558,605,80,5479,5619,5547,5999,5553,5683,5635,5514,6897,8185,8056,7084,6341,7246,5409,4685,3729,2431,1246,345
10W,132694,68012,64682,4636,3932,3184,3979,6704,6636,7281,6297,5295,4676,3983,3094,2320,2026,1478,1176,731,406,151,27,4444,3750,3091,4354,7609,6975,6644,4922,4087,3929,3319,2689,2160,2013,1425,1285,979,593,319,95
10X,268905,138051,130854,8751,7470,6338,8356,14897,12632,12296,10864,9619,9047,8254,7169,6046,5511,3910,2995,2105,1248,468,75,8110,7222,5942,8436,15176,11970,10705,8516,7735,7754,7383,6485,5808,5623,4071,3479,3010,2062,1080,287
10Y,202599,100299,102300,6229,6491,6315,6391,5432,5439,5850,6213,7418,8435,7881,6617,5672,5630,3807,2996,1966,1043,399,75,6037,6204,5831,5815,5328,5873,6202,6446,7761,8289,7670,6453,5745,5767,4159,3278,2492,1723,949,278
11A,546130,267768,278362,14726,15257,15148,16142,14686,14226,14767,15282,18547,20688,20266,17965,16370,17861,12463,10161,7221,4151,1556,285,14099,14735,14217,15245,15076,14518,15156,15702,18890,20938,20204,17735,17426,18539,13706,11613,9395,6589,3587,992
11C,153747,76503,77244,4707,4621,4321,4888,4739,4655,5342,5712,6135,6171,5435,4548,3877,3804,2600,2095,1596,859,334,64,4469,4281,3852,4248,5557,4985,5693,5650,5727,5702,5131,4242,3888,3968,2942,2503,2100,1319,775,212
11D,157043,78150,78893,4898,5108,4962,4526,3772,4270,4647,5549,6420,6454,6079,5075,4155,4213,2922,2345,1615,796,300,44,4612,4897,4526,4252,3667,4342,5064,5656,6199,6298,5856,4837,4367,4421,3161,2683,2045,1198,649,163
11E,199567,99649,99918,5037,5096,5192,6616,9028,6731,6096,6042,7108,7535,7141,6047,5313,5539,3806,3183,2193,1334,544,68,4655,4862,4986,6693,9519,6117,5650,5578,6653,7093,6742,5755,5509,5654,4253,3632,3006,2138,1139,284
11H,491253,249163,242090,16177,13701,11568,14042,21627,22688,23918,20989,19069,18048,15444,12788,10660,9635,6877,5064,3807,2096,823,142,15292,13377,11248,14589,23627,23878,22514,17468,15420,15026,13821,11617,10074,9466,7303,6183,5092,3565,2016,514
11J,777893,382933,394960,19779,19708,19447,22170,22634,22406,23263,22049,25499,28259,27529,24432,23425,26148,18909,15670,11463,6834,2816,493,18752,18768,18469,21521,23042,22622,22786,20807,24716,27055,26840,24828,24999,27565,20507,17696,15307,10844,6159,1677
11M,626586,309970,316616,17372,17568,17425,19166,18972,18350,18692,17745,21452,24473,23424,19970,18718,18768,13922,10793,7241,4067,1576,276,16571,16856,16770,18650,17938,18463,18670,17640,21618,24201,23012,19836,18994,19561,14778,11874,9687,6774,3733,990
11N,561994,277113,284881,14708,14801,14508,16055,16386,15748,15469,14836,18064,20314,20020,18541,18452,20796,14435,10810,7454,3965,1495,256,14045,13916,13776,15299,16195,15143,15021,14778,18425,20274,20029,19147,19621,21542,15175,12033,9373,6535,3592,962
11T,213985,105370,108615,6217,6272,5825,5898,5278,5548,6035,6169,7686,8384,7697,6720,6468,7116,5063,3982,2704,1554,634,120,5754,5793,5665,5658,5215,5651,6261,6307,7414,8049,7446,6802,6748,7651,5476,4501,3735,2559,1533,397
11X,552679,272128,280551,14597,15093,15510,17608,15133,14934,14737,13946,17989,20455,19981,17856,17632,18888,13527,10603,7505,4245,1614,275,14310,14558,14658,16047,14342,14985,14561,14414,18174,20371,20078,18124,18469,19638,14675,11804,9758,6866,3758,961
12A,261297,129803,131494,8125,7873,7445,8153,7588,8206,8509,8354,9597,10360,9630,7776,6972,7004,5220,4072,2800,1499,529,91,7662,7693,7039,7432,7232,8516,8638,8364,9349,10370,9280,7569,6990,7416,5735,4699,3709,2319,1160,322
12D,226865,113625,113240,7933,7377,6534,6541,6507,7504,8322,8088,9097,9236,8637,6822,5685,5224,3683,2866,2049,1057,408,55,7553,7019,6216,6370,6417,8112,8622,7950,8473,8588,7908,6355,5581,5382,3913,3325,2668,1721,878,189
12F,332502,163179,169323,9694,9707,9215,9842,9925,10226,9879,9113,11140,12150,12308,10807,10087,9771,7095,5403,3907,2039,740,131,9069,9318,8830,9248,9486,10415,9867,9388,11259,12468,12404,10814,10341,10314,7939,6696,5478,3712,1804,473
13A,43,36,7,0,0,0,1,4,7,9,2,4,5,2,0,0,1,0,0,0,1,0,0,0,0,0,1,0,2,1,0,1,0,1,1,0,0,0,0,0,0,0,0
13P,743107,373909,369198,26342,26249,23929,24814,27422,27982,28707,26480,27328,26716,23810,19838,16521,15232,11350,9316,6707,3624,1316,226,25344,25217,22755,24075,27019,28434,27672,23601,24100,24604,22521,18602,16449,15717,12427,11468,9286,6085,2982,840
99A,501579,251311,250268,14471,13400,12277,15006,23211,22291,20164,16714,17392,17761,17984,15222,12887,11102,7737,6623,4243,2060,672,94,13885,12886,11800,15416,25044,21028,18349,14439,15701,16813,17213,14880,12742,11377,8785,8112,6101,3672,1665,360
99C,215946,105880,110066,6168,6254,5654,6035,6229,6578,7109,6741,7766,8116,7927,7053,6443,6216,4000,3426,2414,1261,432,58,5798,5851,5328,5611,5990,6904,7604,6874,7651,8017,8008,7267,6562,6570,4554,4268,3477,2360,1072,300
99D,160292,78632,81660,4269,4366,4382,4609,4050,4372,4517,4483,5569,6049,5767,5071,4941,5387,3918,3116,2120,1132,444,70,4074,4197,4251,4307,4086,4497,4616,4539,5741,6008,5743,5264,5128,5793,4156,3510,2764,1786,958,242
99E,268639,131921,136718,8414,8439,7981,8235,7807,8531,8564,8557,9533,10240,9678,8021,6886,7208,4700,3992,2949,1515,577,94,8074,7984,7619,7804,7694,8695,9024,8781,9414,10272,9533,8079,7221,7819,5524,5080,4009,2492,1289,311
99F,180830,89062,91768,4422,4822,4957,5623,5335,4988,4719,4758,6029,7092,6661,5672,5434,6334,4403,3611,2464,1210,472,56,4327,4562,4839,5113,5067,4747,4806,4915,6184,6829,6528,5631,5817,6911,4930,4248,3097,1949,1031,237
99G,184588,91888,92700,5705,5511,5218,5497,5370,5757,6265,5982,6947,7126,6967,5489,4830,5181,3432,2785,2039,1192,485,110,5351,5286,4794,5103,5442,6002,6217,5933,6555,6777,6275,5220,4943,5228,3838,3251,2808,2109,1222,346
99H,298107,146535,151572,8766,9297,8951,9034,7162,7464,8232,9521,11132,12165,11406,9522,8302,8394,5798,4759,3549,2062,853,166,8415,8808,8642,8344,7588,7624,8777,9979,11210,11878,11194,9094,8436,8799,6560,5631,4747,3353,1951,542
99J,470708,231113,239595,14693,15235,14209,14271,12001,12910,13554,14239,17370,18562,17180,14214,12792,13756,9465,7458,5265,2742,1012,185,13686,14072,13984,13578,12011,13644,14364,15102,17807,18846,16833,14299,13224,14343,10511,8583,6962,4604,2487,655
99K,167087,81804,85283,4339,4973,4979,4881,4305,4110,4035,4035,5573,6603,6387,5800,5315,5595,3999,3006,2135,1189,447,98,3984,4626,4675,4750,4056,3966,4084,4441,5981,6808,6574,5838,5483,6073,4341,3568,2717,1910,1090,318
99M,220447,109383,111064,6973,7085,6512,6471,6309,6431,6950,7368,8873,9134,8376,6510,5495,5856,4177,3215,2056,1093,424,75,6719,6683,6029,6159,6469,6876,7441,7648,8586,8799,7707,6262,5907,5990,4445,3673,2636,1796,962,277
99N,478956,234828,244128,13320,13728,13887,14605,12281,12237,12478,12605,16649,19028,18542,15996,14685,15117,10795,8438,5761,3222,1229,225,12583,13239,13451,14129,12066,12734,13014,13582,17621,19216,18314,15944,15131,15892,11615,9390,7486,5144,2860,717
99P,908589,446240,462349,24394,24043,23315,27807,32506,26871,25980,24249,28905,32243,31479,28428,27344,29522,21557,16500,11614,6427,2590,466,22767,22912,21962,27551,33024,26566,26151,24122,29094,32423,31744,28984,28703,31006,22877,19130,15389,10616,5726,1602
99Q,288395,141436,146959,7216,7406,7412,8359,7727,7647,7303,6969,9242,10564,10541,9536,9606,10780,7649,5833,4081,2364,1022,179,6850,6968,6932,7732,7261,7394,7289,7255,9198,10657,10873,9745,10203,11022,8313,6737,5486,4132,2290,622
UNKNOWN,86,70,16,0,1,1,1,4,9,10,13,10,11,9,1,0,0,0,0,0,0,0,0,0,0,0,2,1,0,1,0,5,3,2,2,0,0,0,0,0,0,0,0
