outcode,latitude,longitude
AB10,57.13550749,-2.119440728
AB11,57.13915526,-2.093001073
AB12,57.10247626,-2.112178138
AB14,57.10146806,-2.271832625
AB16,57.15994567,-2.156701595
AB23,57.2121331,-2.088506754
AB25,57.15261971,-2.11417128
AB30,56.84661502,-2.478323141
AB32,57.1550439,-2.31765985
AB33,57.2247778,-2.742313494
AB43,57.65720536,-2.044111067
AB45,57.65133925,-2.567732171
AB53,57.52478682,-2.394358028
AB99,57.111325,-2.094001
AL1,51.74880877,-0.322289265
AL3,51.77984988,-0.375957484
AL5,51.81642394,-0.352927911
AL6,51.83207231,-0.199028356
AL8,51.80365168,-0.211317023
AL9,51.74527348,-0.198772787
B10,52.46987529,-1.852304679
B12,52.46052008,-1.883869841
B15,52.46636304,-1.924457355
B16,52.47625622,-1.933456539
B17,52.46119387,-1.960462464
B18,52.49149967,-1.925177313
B21,52.50613138,-1.939783321
B23,52.52832848,-1.854856841
B25,52.46482281,-1.822327045
B26,52.46129377,-1.79044277
B29,52.43749062,-1.948754776
B32,52.4488644,-1.994666532
B35,52.51859995,-1.789182706
B36,52.50436286,-1.779189949
B37,52.47857131,-1.742315898
B38,52.3999301,-1.934786276
B4,52.48279218,-1.894496995
B43,52.54839325,-1.930086858
B44,52.54571218,-1.88516698
B49,52.21735396,-1.868037417
B5,52.46942827,-1.897763888
B60,52.32529568,-2.052152921
B62,52.45728216,-2.034351708
B64,52.47239088,-2.068991504
B67,52.48588211,-1.978586896
B68,52.47848216,-2.001366125
B7,52.49408704,-1.87297843
B71,52.53582669,-1.990541063
B73,52.55530976,-1.840924038
B75,52.5786524,-1.809204054
B76,52.5438386,-1.783487408
B79,52.65076885,-1.682133565
B8,52.49107703,-1.841498174
B9,52.47825844,-1.850564923
B90,52.40062292,-1.82582528
B92,52.43687156,-1.774574284
B94,52.35043029,-1.793394868
B97,52.29967685,-1.953890968
B98,52.30275035,-1.914342322
BA11,51.23287972,-2.32549693
BA13,51.26197908,-2.181722969
BA15,51.34794171,-2.258351516
BA16,51.12460399,-2.745199837
BA2,51.35939855,-2.379451488
BA20,50.9382277,-2.644915207
BA22,50.96898039,-2.63766019
BA5,51.21302781,-2.654970304
BA6,51.1416978,-2.706574915
BA7,51.08919759,-2.519051409
BA8,50.99760606,-2.411739039
BB11,53.78302856,-2.253274677
BB12,53.80351062,-2.291773012
BB18,53.91456054,-2.171842719
BB2,53.74180222,-2.501300094
BB6,53.79251381,-2.418507203
BB7,53.87357052,-2.387832089
BB8,53.85801386,-2.163363024
BB94,53.915257,-2.138036
BD10,53.83272992,-1.725596522
BD11,53.75151335,-1.676546604
BD18,53.83146951,-1.777684567
BD2,53.81519075,-1.734742467
BD22,53.845748,-1.954589241
BD23,53.99274008,-2.056508128
BD24,54.08058479,-2.28376196
BD7,53.78349435,-1.784888195
BD8,53.80173054,-1.78360394
BD97,53.850524,-1.837424
BD98,53.837874,-1.780234
BH1,50.72510999,-1.861377723
BH11,50.76181394,-1.91959238
BH12,50.73745783,-1.926706824
BH13,50.7091644,-1.920076564
BH14,50.7216178,-1.944894848
BH16,50.73938227,-2.04593013
BH17,50.74691579,-1.979943786
BH19,50.6115225,-1.970422015
BH20,50.68719215,-2.147544213
BH21,50.81251857,-1.975078667
BH23,50.74664672,-1.75474215
BH25,50.75270969,-1.658033064
BH3,50.73609705,-1.882229949
BH5,50.72533975,-1.83274616
BH6,50.72768565,-1.803401817
BH9,50.74985273,-1.873399558
BL0,53.64841018,-2.317015822
BL11,53.57229869,-2.425404172
BL2,53.58848228,-2.395369057
BL5,53.54878932,-2.516435289
BL6,53.59165386,-2.540099762
BL7,53.63068716,-2.42257987
BL8,53.60419641,-2.326656842
BN11,50.8135979,-0.376596997
BN14,50.83342822,-0.381470269
BN15,50.83032339,-0.325687935
BN17,50.81414407,-0.538947381
BN2,50.8248745,-0.101168243
BN20,50.77473765,0.25247832
BN22,50.78941637,0.283686084
BN23,50.79765806,0.312504148
BN24,50.81628649,0.328939352
BN26,50.82102661,0.221419068
BN41,50.84118723,-0.217060823
BN43,50.8359105,-0.267197516
BN44,50.89193331,-0.320136558
BN5,50.9262961,-0.268075066
BN52,50.83277533,-0.168046667
AB13,57.10914914,-2.239882961
AB15,57.13783908,-2.166217392
AB21,57.21085108,-2.203849939
AB22,57.18643883,-2.12101032
AB24,57.16369678,-2.10807943
AB31,57.07378063,-2.526091747
AB34,57.09393241,-2.813802636
AB35,57.03892161,-3.145443281
AB36,57.19693877,-3.068697681
AB37,57.32911379,-3.35245392
AB38,57.48578621,-3.2266764
AB39,56.97734856,-2.218326276
AB41,57.37534225,-2.105874368
AB42,57.50094843,-1.89207214
AB44,57.66828495,-2.492771993
AB51,57.2882937,-2.404405112
AB52,57.34312132,-2.606521172
AB54,57.45364247,-2.763051354
AB55,57.52395715,-2.990496578
AB56,57.67459272,-2.927672937
AL10,51.76059268,-0.232140515
AL2,51.72003993,-0.334767044
AL4,51.77347007,-0.295305384
AL7,51.79712641,-0.18723651
B1,52.47880749,-1.908808083
B11,52.45489408,-1.859631502
B13,52.43683616,-1.879744385
B14,52.4174554,-1.889920334
B19,52.49696488,-1.906105779
B2,52.47838137,-1.901504719
B20,52.51547104,-1.919389134
B24,52.51970973,-1.82764057
B27,52.44482278,-1.822969342
B28,52.42726552,-1.843185585
B3,52.48110775,-1.903554546
B30,52.42181289,-1.927907978
B31,52.40821866,-1.972814648
B33,52.48051899,-1.788304475
B34,52.49632169,-1.781847098
B40,52.4589329,-1.7235097
B42,52.53447495,-1.911770102
B45,52.38867683,-2.010053943
B46,52.50870211,-1.69522565
B47,52.38621996,-1.880547602
B48,52.35522231,-1.947662534
B50,52.16887551,-1.85545832
B6,52.50478766,-1.886233429
B61,52.34617038,-2.069119271
B63,52.45195431,-2.069169451
B65,52.48345858,-2.043761535
B66,52.49279331,-1.965452004
B69,52.50271344,-2.029624228
B70,52.52060599,-2.004085291
B72,52.55102645,-1.822353362
B74,52.5838679,-1.861428534
B77,52.61876098,-1.669952382
B78,52.60558071,-1.674928865
B80,52.27490186,-1.894110038
B91,52.41398644,-1.78257436
B93,52.38100411,-1.743619526
B95,52.28621284,-1.780848369
B96,52.25288196,-1.960534536
B99,52.49595471,-1.894231404
BA1,51.39193707,-2.360935627
BA10,51.11233939,-2.447228931
BA12,51.17059707,-2.188472664
BA14,51.31942846,-2.202758
BA21,50.95160622,-2.634607685
BA3,51.27164262,-2.478759516
BA4,51.17281292,-2.532633703
BA9,51.05780368,-2.410201346
BB1,53.75637216,-2.463582978
BB10,53.79930417,-2.219955248
BB3,53.69807005,-2.466640497
BB4,53.70377094,-2.291644326
BB5,53.75431779,-2.372986377
BB9,53.83737197,-2.215663178
BD1,53.79732718,-1.754833542
BD12,53.74601293,-1.762527731
BD13,53.78674841,-1.861063467
BD14,53.78228943,-1.818036974
BD15,53.80998699,-1.837976424
BD16,53.84895537,-1.833926213
BD17,53.84725291,-1.76869966
BD19,53.72730416,-1.713908993
BD20,53.89750918,-1.948262746
BD21,53.86438304,-1.907631571
BD3,53.79847858,-1.727244991
BD4,53.77635709,-1.719748023
BD5,53.77825299,-1.759427425
BD6,53.76475072,-1.78593731
BD9,53.81281776,-1.791890351
BD99,53.79561608,-1.758793
BH10,50.7595837,-1.89321431
BH15,50.7222266,-1.984845739
BH18,50.7593755,-1.998156593
BH2,50.72131856,-1.88335632
BH22,50.80586713,-1.888677959
BH24,50.84453328,-1.787265923
BH31,50.87541734,-1.871368919
BH4,50.72128538,-1.899933188
BH7,50.73599839,-1.828141831
BH8,50.74175383,-1.852293368
BL1,53.59026275,-2.443690879
BL3,53.56505086,-2.43234812
BL4,53.54607337,-2.401103041
BL78,53.5641314,-2.4106591
BL9,53.59193356,-2.287424571
BN1,50.84136117,-0.139685307
BN10,50.79587112,0.001031619
BN12,50.81396012,-0.429133939
BN13,50.83194794,-0.408929224
BN16,50.81460509,-0.496387671
BN18,50.84893105,-0.581917807
BN21,50.77259835,0.276620941
BN25,50.77641298,0.108181104
BN27,50.87166691,0.263509509
BN3,50.83515305,-0.177035746
BN42,50.837511,-0.234266138
BN45,50.89498039,-0.189746463
BN50,50.82618884,-0.140770788
BN51,50.804817,-0.058645
BN9,50.79564608,0.049796648
BR1,51.41179948,0.020651115
BR3,51.40412701,-0.031549956
BR4,51.37521728,-0.008497728
BR8,51.39851544,0.174388303
BN6,50.93017023,-0.153873084
BN7,50.8773711,0.000271144
BN8,50.91582712,0.052337058
BN88,50.82690363,-0.140409625
BN99,50.8186939,-0.394217079
BR2,51.3880501,0.021756486
BR5,51.3910255,0.103081101
BR6,51.36556246,0.091473282
BR7,51.41467575,0.064433374
BS11,51.49743786,-2.675670037
BS13,51.41205325,-2.612158752
BS14,51.41324336,-2.562662935
BS15,51.45976132,-2.506828638
BS2,51.4600036,-2.58189979
BS20,51.48045693,-2.753253099
BS26,51.27948506,-2.855199869
BS27,51.27210902,-2.771487484
BS32,51.54376926,-2.5587399
BS34,51.52362505,-2.565650798
BS35,51.59750885,-2.548104761
BS37,51.5400978,-2.415343299
BS39,51.32929571,-2.534152639
BS4,51.43555227,-2.563444702
BS41,51.42235546,-2.653893639
BS7,51.48698243,-2.581543758
BS8,51.45749744,-2.621750481
BS80,51.52183072,-2.572532944
BS98,51.45880543,-2.578404286
BS99,51.45457874,-2.580328278
CA10,54.61052614,-2.659572259
CA12,54.60269025,-3.134826848
CA14,54.63473289,-3.538227147
CA17,54.47936412,-2.351213569
CA19,54.38715004,-3.385283603
CA20,54.41025203,-3.462278838
CA22,54.480853,-3.532773776
CA24,54.51539742,-3.543739944
CA27,54.49097263,-3.593376235
CA5,54.85491703,-3.018037009
CA7,54.80775152,-3.238274176
CA8,54.93942545,-2.685359938
CA9,54.8008871,-2.41363504
CA95,54.644676,-3.56645
CB10,52.0294339,0.263795309
CB23,52.2150535,-0.022409601
CB5,52.2124514,0.153729255
CB7,52.36721796,0.318318056
CB9,52.08325017,0.439816668
CF10,51.47410575,-3.175664655
CF11,51.4718587,-3.191750848
CF3,51.52001914,-3.111069181
CF30,51.519636,-3.119571
CF31,51.50858654,-3.577657123
CF36,51.48483425,-3.699772163
CF37,51.60311636,-3.334609813
CF38,51.5609277,-3.333030677
CF39,51.60100382,-3.425771007
CF40,51.62046403,-3.451801762
CF41,51.64749888,-3.48231941
CF42,51.66727998,-3.523652648
CF46,51.66482842,-3.301279638
CF47,51.75147015,-3.375144522
CF48,51.74153369,-3.371322076
CF63,51.41215168,-3.257432638
CF64,51.43355315,-3.190718297
CF72,51.52982606,-3.400305331
CF83,51.58658648,-3.218849615
CF95,51.481197,-3.171048
CH25,53.396989,-3.011914
CH28,53.40045,-3.111954
CH30,53.379073,-3.098455
CH41,53.39422402,-3.032546639
CH43,53.38406384,-3.059622107
CH45,53.42879629,-3.051602096
CH48,53.37087346,-3.169806896
CH5,53.20412576,-3.041449114
CH62,53.33396068,-2.981598608
CH63,53.34443418,-3.01229424
CH64,53.28827337,-3.047763961
CH66,53.27706827,-2.936114667
CH7,53.16983448,-3.133914264
CM0,51.66357755,0.835345699
CM11,51.62366123,0.445073827
CM12,51.62838974,0.414415461
CM14,51.61873612,0.292255723
CM16,51.70014487,0.11977192
CM18,51.75565328,0.105780396
CM19,51.75979532,0.072010227
CM21,51.81225882,0.145715107
CM22,51.86192971,0.223533996
CM24,51.89913877,0.204759692
CM5,51.72072476,0.246476753
CM7,51.89682276,0.538346044
CM77,51.86694132,0.552466589
CM8,51.80537786,0.637364932
CM9,51.74091166,0.700155274
CO10,52.05841223,0.720448411
CO11,51.94218683,1.076812143
CO12,51.93141121,1.253363909
CO15,51.79635864,1.154854513
CO5,51.81371286,0.82114834
CO6,51.9244687,0.788679585
CO7,51.88231613,1.004276428
CO9,51.96965935,0.608976224
CR0,51.37304448,-0.076363691
CR5,51.31147353,-0.141320723
CR7,51.39842126,-0.105855974
CR8,51.33233171,-0.113598013
CR9,51.37467407,-0.093781308
CT12,51.34317676,1.370668878
CT14,51.21659509,1.38570672
CT15,51.1725128,1.282152655
CT17,51.12905285,1.293947339
CT18,51.1154892,1.149370085
CT5,51.35360393,1.034896237
CT7,51.37086761,1.297545753
CT8,51.37992418,1.336913455
CT9,51.38379961,1.389243101
CV10,52.52550865,-1.502493898
CV13,52.61588509,-1.414103392
CV23,52.36764127,-1.2928034
CV31,52.27851923,-1.525271338
CV33,52.25616745,-1.482642475
CV34,52.28392384,-1.582122642
CV5,52.41237274,-1.554964688
CV7,52.44470336,-1.566913863
CV8,52.35151861,-1.544357885
BS1,51.45352412,-2.593324624
BS10,51.50634595,-2.61077785
BS16,51.48592934,-2.510578022
BS21,51.43507325,-2.850051082
BS22,51.36066525,-2.929775129
BS23,51.34329013,-2.971425045
BS24,51.32877679,-2.930708641
BS25,51.31975628,-2.820844087
BS28,51.2306128,-2.81562974
BS29,51.32992896,-2.87323775
BS3,51.43860639,-2.603060419
BS30,51.44530284,-2.472076787
BS31,51.40854291,-2.49192059
BS36,51.52592412,-2.486811221
BS40,51.34661657,-2.691123173
BS48,51.42537728,-2.748423012
BS49,51.38275591,-2.811975812
BS5,51.46204505,-2.551874012
BS6,51.47068782,-2.600068502
BS9,51.48736192,-2.626683407
CA1,54.8864007,-2.913925683
CA11,54.66444213,-2.785457111
CA13,54.65987621,-3.367963113
CA15,54.71214872,-3.481706228
CA16,54.57470745,-2.484061032
CA18,54.3543106,-3.39128092
CA2,54.88439836,-2.951138945
CA21,54.44546638,-3.516251892
CA23,54.51434081,-3.494273671
CA25,54.52274529,-3.518537682
CA26,54.54441591,-3.483296827
CA28,54.54387934,-3.578378046
CA3,54.90837614,-2.940491702
CA4,54.84597987,-2.831781568
CA6,54.99445757,-2.892956963
CA99,54.890925,-2.94385
CB1,52.19754101,0.143239297
CB11,51.99990632,0.211604386
CB2,52.19200158,0.125360404
CB21,52.12998587,0.279441528
CB22,52.13210681,0.13620853
CB24,52.27426918,0.086508094
CB25,52.25970464,0.25012749
CB3,52.21148084,0.101350754
CB4,52.22260123,0.130762703
CB6,52.40544629,0.22208865
CB8,52.23030133,0.426406244
CF14,51.51991547,-3.204027681
CF15,51.53375856,-3.271860822
CF23,51.51401021,-3.15367242
CF24,51.48729624,-3.162696672
CF32,51.56037182,-3.583743006
CF33,51.5251138,-3.691471215
CF34,51.61048861,-3.652202813
CF35,51.52208135,-3.519460865
CF43,51.65777968,-3.450180193
CF44,51.71817203,-3.458607668
CF45,51.66966164,-3.362277228
CF5,51.48300038,-3.243431403
CF61,51.40867712,-3.481333918
CF62,51.404545,-3.310337389
CF71,51.45975414,-3.461020704
CF81,51.70181213,-3.245151442
CF82,51.6507184,-3.237767881
CF91,51.46560275,-3.19392725
CF99,51.464367,-3.161663
CH1,53.20191606,-2.908162044
CH2,53.2175248,-2.869054732
CH26,53.365713,-3.065921
CH27,53.42077616,-3.041014553
CH29,53.390356,-3.179389
CH3,53.16608993,-2.820369785
CH31,53.329754,-3.098884
CH32,53.361962,-2.99765
CH33,53.290566,-3.062638
CH34,53.28124859,-2.90744927
CH4,53.16689623,-2.94333188
CH42,53.37420224,-3.022722765
CH44,53.41530565,-3.037069463
CH46,53.40400076,-3.110811451
CH47,53.39635151,-3.169457675
CH49,53.38103049,-3.104099137
CH6,53.25010826,-3.146430746
CH60,53.32659184,-3.096130286
CH61,53.34891859,-3.102036488
CH65,53.27706541,-2.902463981
CH70,53.192761,-2.922591
CH8,53.28245833,-3.245377008
CH88,53.19734813,-2.88332225
CH99,53.18712355,-2.889559424
CM1,51.74524627,0.456307702
CM13,51.61561883,0.33799034
CM15,51.64400064,0.303465103
CM17,51.77200547,0.146010076
CM2,51.72152596,0.486280229
CM20,51.77508951,0.102436536
CM23,51.87150292,0.158719188
CM3,51.71958135,0.58482271
CM4,51.67483222,0.390582342
CM6,51.8776928,0.364279949
CM92,51.769363,0.061281
CM98,51.752191,0.518869
CM99,51.7370874,0.475689753
CO1,51.88917234,0.908555223
CO13,51.83881197,1.237239485
CO14,51.85023713,1.267448621
CO16,51.82134214,1.12283217
CO2,51.86932819,0.894101
CO3,51.8847374,0.860196861
CO4,51.90851717,0.92122222
CO8,51.97339183,0.765747256
CR2,51.34696775,-0.081836486
CR3,51.28786324,-0.082118772
CR4,51.40449178,-0.159443205
CR44,51.382347,-0.13285
CR6,51.30820744,-0.053343331
CT1,51.27808252,1.086555918
CT10,51.36319203,1.429310021
CT11,51.3360977,1.413242822
CT13,51.26625994,1.327908656
CT16,51.14119385,1.299673048
CT19,51.08896418,1.168068413
CT2,51.29340823,1.080230094
CT20,51.07969473,1.164404078
CT21,51.07295168,1.076665603
CT3,51.27920104,1.211628288
CT4,51.22475072,1.06563918
CV9,52.58480782,-1.560583002
CW5,53.06222566,-2.522012787
CW7,53.19018536,-2.528120367
CW8,53.25372853,-2.564552176
CW9,53.25876041,-2.502376616
CW98,53.089348,-2.431667
DA13,51.37940731,0.352625079
DA15,51.44106239,0.098384315
DA16,51.46482263,0.107029389
DA17,51.48700201,0.147632307
DA4,51.38945646,0.231687678
DA5,51.44064131,0.144727773
DA7,51.46555442,0.145297409
DA8,51.47578546,0.176222957
DA9,51.44806903,0.278274114
DD10,56.74800302,-2.427527954
DD2,56.47003518,-3.030973898
DD4,56.48204604,-2.935414761
DD7,56.50294259,-2.719261872
DD8,56.65583252,-2.922612479
DD9,56.74817741,-2.668624953
DE11,52.77304882,-1.55636975
DE24,52.89012774,-1.452180886
DE45,53.21522641,-1.677365229
DE5,53.04550456,-1.403059252
DE55,53.10157629,-1.372460149
DE65,52.86735478,-1.61385389
DE7,52.97329706,-1.322318515
DE74,52.84243811,-1.329176755
DG1,55.07326297,-3.582125668
DG12,54.99000373,-3.252252638
DG13,55.17284503,-3.029983972
DG14,55.08223638,-2.982360513
DG2,55.06453172,-3.658707971
DG3,55.23756063,-3.80031069
DG4,55.37540137,-3.952858411
DG6,54.83729169,-4.055865281
DG8,54.87220596,-4.515666787
DH1,54.78232271,-1.564765587
DH5,54.82344733,-1.455456843
DH6,54.75312521,-1.464053696
DH7,54.79034516,-1.666243973
DH9,54.86852051,-1.711020221
DH97,54.779268,-1.578063
DH98,54.934649,-1.615115
DL13,54.71648471,-1.955582045
DL15,54.71052196,-1.730144781
DL16,54.69870433,-1.605380671
DL2,54.52834902,-1.601196524
DL4,54.63030733,-1.644886153
DL7,54.33792208,-1.4840635
DL8,54.29348574,-1.78758086
DL9,54.37518844,-1.708860048
DN10,53.42509638,-0.936887163
DN11,53.44915033,-1.082720942
DN14,53.70824649,-0.93932306
DN15,53.61362358,-0.652120315
DN18,53.68119657,-0.448114146
DN19,53.68390082,-0.360417667
DN21,53.41931459,-0.704690513
DN34,53.55753395,-0.113244064
DN38,53.56022167,-0.391963476
DN39,53.61590994,-0.334741066
DN41,53.5819182,-0.195616847
DN5,53.5379298,-1.17425837
DN7,53.58294244,-1.014504788
DN8,53.61521172,-0.955421947
DN9,53.50635748,-0.894092283
DT5,50.5482456,-2.442547232
DT7,50.72913628,-2.948252781
DT9,50.94182114,-2.516068223
DY10,52.3862461,-2.224922069
DY13,52.33677529,-2.281295824
DY5,52.48046093,-2.123848378
DY7,52.46618528,-2.228069072
DY8,52.46078643,-2.155698039
DY9,52.43471904,-2.122895453
E1,51.51755582,-0.059203976
E10,51.56820488,-0.013769897
E14,51.50608801,-0.019697122
E17,51.5867467,-0.02028229
E18,51.5927256,0.025005363
E2,51.52951787,-0.062631048
E3,51.52845738,-0.025887189
E4,51.62247782,-0.004851939
E6,51.52652442,0.054260419
E8,51.54331764,-0.065821332
E9,51.54409861,-0.043103959
EC1N,51.52015514,-0.108998357
EC1P,51.524505,-0.112062
EC1R,51.52486963,-0.108458993
EC1V,51.52646743,-0.098597365
EC1Y,51.52317906,-0.0933529
EC2P,51.52425385,-0.111116822
EC2V,51.51633079,-0.095289719
EC2Y,51.51970918,-0.094765661
EC3A,51.51550493,-0.082366175
EC3M,51.51287156,-0.084054779
EC3P,51.52387031,-0.110223314
EC3V,51.51354797,-0.087303844
EC4A,51.51659487,-0.108729787
EC4M,51.51440658,-0.099742215
EC4P,51.524505,-0.112062
EC4V,51.51297508,-0.100614845
EC4Y,51.51359012,-0.108896006
EC50,51.524505,-0.112062
EH10,55.92003196,-3.21114775
EH12,55.94271656,-3.273925958
EH13,55.90692203,-3.242754208
EH14,55.9097235,-3.283912126
EH15,55.94633955,-3.112449174
EH16,55.92244933,-3.155322787
EH17,55.90663197,-3.143062776
EH18,55.87642551,-3.122571236
EH2,55.95371754,-3.197780695
EH20,55.8785893,-3.15728704
EH24,55.84937364,-3.136821125
EH25,55.85979638,-3.175060436
EH26,55.83288807,-3.224662417
EH27,55.89006132,-3.416266561
EH28,55.92990418,-3.393811908
EH31,56.03733522,-2.823329422
EH34,55.90879449,-2.881494721
EH35,55.91083403,-2.943803033
EH37,55.86130889,-2.959781649
EH38,55.78593485,-2.961088692
EH39,56.04691463,-2.734056784
EH40,55.99010361,-2.658638438
EH41,55.9486325,-2.775064572
EH44,55.61897473,-3.06317617
EH45,55.65418507,-3.191291109
EH46,55.73938382,-3.354947392
EH47,55.85868273,-3.664704776
EH48,55.89947762,-3.663950743
EH49,55.97608163,-3.598896892
EH5,55.97552563,-3.219933197
EH54,55.89221743,-3.524591019
EH55,55.84690943,-3.575230752
EH6,55.97207932,-3.175650936
EH7,55.96025313,-3.166261406
EH9,55.93308688,-3.185445066
EH95,55.978614,-3.253521
EN1,51.65396138,-0.068656651
EN10,51.73868012,-0.022530148
EN3,51.66013904,-0.036995992
EN4,51.64876617,-0.161491922
EN9,51.69582972,0.014364445
EX1,50.72647205,-3.506997124
EX11,50.74682246,-3.28893796
EX13,50.78688875,-3.007932564
EX14,50.81422643,-3.190830723
EX15,50.87665221,-3.340075945
EX16,50.92228235,-3.492057741
EX17,50.81163793,-3.703802583
EX18,50.90220366,-3.887893209
EX23,50.82415779,-4.533574631
EX3,50.68502878,-3.459213313
EX37,50.9786991,-3.952724928
EX4,50.73112711,-3.527061105
EX9,50.63931874,-3.324158432
FK1,55.98581409,-3.794363471
FK11,56.14987919,-3.85174272
FK12,56.15254188,-3.801829691
FK13,56.15194482,-3.740034319
FK14,56.16688445,-3.656526181
FK15,56.20297107,-3.950575114
FK18,56.32459175,-4.32912025
FK19,56.37094918,-4.313391571
FK2,56.00447457,-3.75476425
FK4,55.99697201,-3.907148372
FK5,56.02647079,-3.821498081
FK6,56.02149859,-3.91562815
FK7,56.09680901,-3.918166535
FK8,56.13146687,-4.060835097
FK9,56.14411477,-3.942821857
FY3,53.82108088,-3.020814729
G12,55.88039542,-4.300771446
G15,55.90918478,-4.366061821
G22,55.89037014,-4.252109569
G31,55.8570304,-4.209227762
G33,55.87364842,-4.165906951
G34,55.86803572,-4.111728452
G40,55.84836926,-4.223414201
G42,55.83237169,-4.257769982
G45,55.80503375,-4.232734753
G46,55.80354893,-4.30770384
G5,55.84833355,-4.253507782
G52,55.84792852,-4.350418995
G61,55.91887641,-4.331571118
G63,56.04263533,-4.3654847
G65,55.9733238,-4.05808867
G66,55.94089433,-4.155011214
G67,55.94689765,-3.98696234
G68,55.95280371,-4.015550139
G70,55.94851167,-3.990854
G71,55.82178019,-4.074075293
G73,55.81980964,-4.207133688
G74,55.76862387,-4.174523951
G79,55.771,-4.223062
G82,55.951706,-4.574352149
G84,56.01393543,-4.755271299
GL10,51.74372905,-2.285318391
GL11,51.68956924,-2.357358815
GL12,51.62488516,-2.386913775
GL14,51.81737037,-2.479831859
GL17,51.85826574,-2.508653399
GL18,51.94186288,-2.415275086
GL2,51.84373588,-2.270547507
GL5,51.73842636,-2.220862168
GL50,51.90064142,-2.081842454
GL54,51.89717034,-1.860590739
GL55,52.06137611,-1.769781816
GL56,51.98920469,-1.705039597
GL6,51.73532057,-2.194984579
GL7,51.71183537,-1.900506219
GL8,51.64230171,-2.1722488
GU10,51.19653231,-0.79750818
GU16,51.3100864,-0.727977504
GU17,51.32968135,-0.788199408
GU19,51.36015585,-0.691998285
GU2,51.24566045,-0.593761922
GU21,51.32100461,-0.579536943
GU25,51.40118584,-0.571811249
GU27,51.08169403,-0.721949286
GU29,50.98402174,-0.747599302
GU30,51.07512356,-0.804315216
GU33,51.05087224,-0.891064951
GU34,51.13941405,-0.98529838
GU46,51.33849821,-0.831505943
GU5,51.20174951,-0.513434151
GU52,51.26519647,-0.838826887
GU6,51.14124639,-0.483542564
GU7,51.18966688,-0.611767243
GU8,51.14923387,-0.643622918
GU95,51.326293,-0.763057
HA0,51.55143999,-0.305693238
HA1,51.58021211,-0.337577065
HA2,51.57428389,-0.359158311
HA3,51.5932721,-0.321420971
HA4,51.57042157,-0.410882044
HA6,51.61153226,-0.42219385
HA8,51.61144361,-0.274077525
HA9,51.56065579,-0.286818497
HD1,53.64720273,-1.78840339
HD2,53.66874491,-1.776524223
HD3,53.65323402,-1.83164123
HD6,53.70240739,-1.784063938
HD8,53.59954221,-1.6747786
HG1,54.00018403,-1.534543988
HG2,53.98628188,-1.528170838
HG3,54.03091759,-1.618799807
HG4,54.15675834,-1.567275629
HP10,51.6089935,-0.700545908
HP14,51.65141099,-0.835087887
HP15,51.65696354,-0.713663211
HP16,51.70234199,-0.719002869
HP17,51.77634593,-0.877961726
HP18,51.81513355,-0.995060316
HP19,51.82340013,-0.828038872
HP20,51.81948005,-0.805212631
HP27,51.71972163,-0.832049986
HP5,51.71293216,-0.60927801
HP7,51.66472524,-0.609881407
HR2,52.00993995,-2.785093758
HR4,52.08953175,-2.770371625
HR9,51.90815289,-2.582011767
HS5,57.76532492,-7.01006825
HS7,57.44579281,-7.33928269
HU10,53.75037341,-0.441373054
HU11,53.8266903,-0.224024751
HU13,53.72506445,-0.43648356
HU14,53.72796378,-0.49788886
HU16,53.78145028,-0.421406101
HU18,53.90980286,-0.16885386
HU19,53.72318195,0.034526196
HU5,53.75985751,-0.376498425
HU7,53.78942382,-0.327321108
HX1,53.72117381,-1.870759185
HX2,53.73821777,-1.906255541
HX3,53.72671769,-1.845037197
HX4,53.67764026,-1.882639683
HX6,53.69726535,-1.927009902
IG10,51.64854249,0.06504465
IG5,51.58983284,0.063924624
IG7,51.61416022,0.092526575
IG8,51.60725593,0.032694329
IP1,52.06581172,1.14046265
IP15,52.15717698,1.595299416
IP16,52.20442973,1.584130348
IP17,52.23049277,1.501788443
IP18,52.33038003,1.67085533
IP2,52.04537079,1.133774079
IP21,52.36478799,1.235312954
IP22,52.37584535,1.051045353
IP23,52.30813665,1.121115428
IP25,52.58252327,0.83591417
IP26,52.50711581,0.575653073
IP28,52.32988531,0.534554778
IP3,52.04172887,1.186491108
IP31,52.29119868,0.829262698
IP32,52.25392894,0.718972744
IP33,52.24261834,0.706751437
IP6,52.13192563,1.111825224
IP8,52.06311591,1.080179683
IP9,51.99006678,1.147479035
IV10,57.58494309,-4.127389892
IV13,57.34321424,-4.023455353
IV15,57.59908761,-4.431640234
IV16,57.66194826,-4.341539596
IV17,57.69912996,-4.261087175
IV19,57.80398359,-4.062748359
IV20,57.78787556,-3.904056661
IV21,57.72436536,-5.72124712
IV24,57.89156159,-4.355734023
IV25,57.88969112,-4.042246781
IV30,57.65348966,-3.327170545
IV31,57.71698856,-3.290985271
IV42,57.23897643,-5.830841
IV43,57.1554286,-5.810696
IV46,57.1115845,-5.983613
IV47,57.29505128,-6.343776611
IV48,57.312984,-6.110425
IV5,57.46792626,-4.411948914
IV52,57.33651316,-5.653068842
IV53,57.34417018,-5.554655545
IV55,57.45644036,-6.609926804
IV56,57.3702762,-6.440417267
IV7,57.58417612,-4.385153832
IV8,57.55392,-4.266031767
IV9,57.56901057,-4.178568739
KA1,55.59549164,-4.496161955
KA11,55.61779429,-4.627082707
KA13,55.65559159,-4.700246229
KA15,55.74820351,-4.626655603
KA16,55.60747723,-4.328435539
KA17,55.61062535,-4.279046773
KA19,55.3460848,-4.668175227
KA2,55.59571244,-4.566057689
KA21,55.64199735,-4.78444104
KA23,55.69299357,-4.856941522
KA24,55.70951921,-4.715905854
KA27,55.53832434,-5.173585132
KA29,55.75633598,-4.854062295
KA3,55.64477368,-4.496571582
KA30,55.79726114,-4.86338574
KA4,55.59909504,-4.381540434
KA5,55.50989656,-4.387069269
KA7,55.44806774,-4.630128626
KT1,51.40739045,-0.297940655
KT12,51.37727037,-0.408533205
KT14,51.33885424,-0.487879277
KT15,51.36371267,-0.495769115
KT17,51.34117205,-0.250674271
KT18,51.31629476,-0.263312895
KT20,51.28631191,-0.231370919
KT21,51.3112803,-0.303155633
KT3,51.39959451,-0.257414197
KT6,51.38778061,-0.302296064
KT8,51.40167464,-0.363608206
KT9,51.36417181,-0.303048651
KW10,57.9744809,-3.978120617
KW12,58.50641967,-3.492427449
KW13,58.456939,-3.897013
KW14,58.58854381,-3.554604273
KW17,59.03784342,-3.003981662
KW6,58.25001571,-3.444210176
KW8,58.11517974,-3.664827872
KW9,58.01370755,-3.858577549
KY1,56.12813529,-3.138373965
KY10,56.23089484,-2.700084941
KY15,56.29927223,-3.054486365
KY16,56.34236398,-2.821673568
KY2,56.12369884,-3.18431636
KY3,56.06350658,-3.231305113
KY4,56.11466746,-3.362655309
KY5,56.14515755,-3.294756122
KY7,56.19762474,-3.157596869
L15,53.39751853,-2.920646195
L17,53.37779616,-2.940700818
L25,53.3786114,-2.863702727
L26,53.3646852,-2.833816326
CT50,51.075704,1.149148
CT6,51.36439916,1.129201104
CV1,52.41021203,-1.507995098
CV11,52.51935393,-1.454904298
CV12,52.47903481,-1.472227257
CV2,52.42398887,-1.463969329
CV21,52.37513095,-1.253786912
CV22,52.35957007,-1.2761405
CV3,52.39252202,-1.481664863
CV32,52.29761317,-1.531516158
CV35,52.22684862,-1.595737674
CV36,52.06346062,-1.624213821
CV37,52.18584454,-1.713831086
CV4,52.39885053,-1.567574509
CV47,52.23426181,-1.385635023
CV6,52.43304532,-1.508460741
CW1,53.10249163,-2.435611952
CW10,53.18934209,-2.444819687
CW11,53.14314334,-2.366288139
CW12,53.16530612,-2.212378676
CW2,53.08078499,-2.446417456
CW3,53.00033744,-2.406666442
CW4,53.20739412,-2.349972659
CW6,53.16223442,-2.667089893
DA1,51.44719665,0.208217864
DA10,51.44484347,0.306742151
DA11,51.43494318,0.351468659
DA12,51.42834316,0.386644425
DA14,51.42514718,0.111772535
DA18,51.49379921,0.138052778
DA2,51.4322024,0.23244223
DA3,51.38476526,0.307956323
DA6,51.45544507,0.138563113
DD1,56.46098012,-2.976708123
DD11,56.5732497,-2.599258558
DD3,56.48290773,-2.98981362
DD5,56.47976072,-2.858622699
DD6,56.43650718,-2.925931721
DE1,52.92085201,-1.475470658
DE12,52.723866,-1.554571004
DE13,52.80748809,-1.691593266
DE14,52.80515236,-1.641728088
DE15,52.79872682,-1.608697678
DE21,52.93375674,-1.43259992
DE22,52.93427774,-1.49821482
DE23,52.90107013,-1.496193597
DE3,52.90944517,-1.541486426
DE4,53.12783066,-1.56501178
DE56,53.02170405,-1.475617448
DE6,52.99396257,-1.717790171
DE72,52.89457157,-1.359764375
DE73,52.84719329,-1.438957109
DE75,53.0120092,-1.353242541
DE99,52.915198,-1.464309
DG10,55.32010901,-3.438300769
DG11,55.1135953,-3.337813319
DG16,54.99714794,-3.068623266
DG5,54.92166282,-3.810847695
DG7,54.96809053,-4.01315762
DG9,54.87804322,-5.022595063
DH2,54.85945153,-1.59903611
DH3,54.87143888,-1.568492335
DH4,54.85405072,-1.492110668
DH8,54.85600326,-1.845365607
DH99,54.78920857,-1.546326217
DL1,54.5297828,-1.538320476
DL10,54.41364514,-1.694189181
DL11,54.43959552,-1.87603198
DL12,54.57153216,-1.984259499
DL14,54.65273164,-1.692821727
DL17,54.6810266,-1.541128792
DL3,54.53221516,-1.570990915
DL5,54.61744322,-1.577923748
DL6,54.3710859,-1.390578118
DN1,53.52067725,-1.130218282
DN12,53.48267104,-1.224562291
DN16,53.56783033,-0.640332968
DN17,53.57294621,-0.705167185
DN2,53.5334641,-1.102693932
DN20,53.55830024,-0.506005764
DN22,53.32409471,-0.928381261
DN3,53.54560493,-1.060543955
DN31,53.5703606,-0.087665948
DN32,53.56238006,-0.070239891
DN33,53.5396583,-0.098809757
DN35,53.5548291,-0.03688681
DN36,53.51083587,-0.038654422
DN37,53.54041257,-0.138198441
DN4,53.50542081,-1.121863753
DN40,53.62108967,-0.226309554
DN55,53.512942,-1.125723
DN6,53.59761818,-1.178041564
DT1,50.711708,-2.443142007
DT10,50.93734218,-2.334128859
DT11,50.86162329,-2.182681675
DT2,50.74934156,-2.451978808
DT3,50.64242263,-2.468202782
DT4,50.60951674,-2.464991145
DT6,50.73892958,-2.775448233
DT8,50.81951778,-2.758634717
DY1,52.51611895,-2.096437708
DY11,52.38574204,-2.262330192
DY12,52.38644256,-2.332052888
DY14,52.38068745,-2.465736447
DY2,52.49653468,-2.081655516
DY3,52.53064325,-2.130163513
DY4,52.53277585,-2.05509874
DY6,52.49837641,-2.164943293
E11,51.56843281,0.013398245
E12,51.55073788,0.052899794
E13,51.52781748,0.025996179
E15,51.5404841,0.004045411
E16,51.51142127,0.028048
E1W,51.50770457,-0.059292301
E5,51.55909191,-0.053663393
E7,51.54724142,0.027377593
E77,51.513949,-0.069103
E98,51.508026,-0.064367
EC1A,51.52120092,-0.105638897
EC1M,51.52141981,-0.102826282
EC2A,51.523689,-0.087963667
EC2M,51.51893569,-0.087759107
EC2N,51.51631079,-0.087570387
EC2R,51.51672524,-0.092706029
EC3N,51.51276433,-0.079258305
EC3R,51.51129727,-0.085310561
EC4N,51.51420091,-0.093698558
L27,53.38776743,-2.838743799
L35,53.41517437,-2.783292142
L37,53.55722599,-3.063771458
L4,53.43784147,-2.961104894
L40,53.60166485,-2.843904038
L5,53.42486715,-2.977306474
L68,53.473071,-2.96069
L69,53.40694554,-2.974624133
L70,53.40867744,-2.970294056
L71,53.43733647,-2.974603412
L72,53.47760802,-2.979438528
L73,53.406416,-2.975554
L74,53.39307033,-2.988282926
L8,53.38998239,-2.962977005
L9,53.46162449,-2.953350161
LA1,54.04658124,-2.799787393
LA11,54.20032097,-2.925890614
LA15,54.15571033,-3.179724957
LA16,54.18761479,-3.202964084
LA18,54.2155314,-3.275986705
LA2,54.0659007,-2.673553428
LA20,54.29402153,-3.206312955
LA22,54.4227565,-2.990030666
LA23,54.37186767,-2.913349171
LA3,54.05010855,-2.879287406
LA4,54.07025291,-2.852774441
LA6,54.17556332,-2.612475119
LA8,54.32409375,-2.760910988
LA9,54.32584192,-2.743624175
LD1,52.26052244,-3.366505993
LD2,52.14142299,-3.394903101
LD3,51.96005689,-3.371724939
LD4,52.11806096,-3.555714333
LD6,52.31000781,-3.509138778
LD8,52.26610525,-3.044705213
LE1,52.6345629,-1.129623699
LE12,52.76720437,-1.192333221
LE13,52.76590569,-0.886456834
LE14,52.78486056,-0.897841552
LE15,52.65623429,-0.701230576
LE17,52.46743072,-1.178143258
LE19,52.58293887,-1.210113561
LE21,52.632302,-1.124851
LE3,52.63143915,-1.176318853
LE41,52.654132,-1.121489
LE5,52.6379674,-1.085094601
LE55,52.74323432,-1.44122084
LE6,52.66132597,-1.240665259
LE65,52.74836752,-1.469285772
LE67,52.71601993,-1.361047746
LE7,52.67993008,-1.070727447
LE8,52.55551145,-1.096262293
LL11,53.06327354,-3.035851013
LL13,53.03477588,-2.95936292
LL14,52.99130676,-3.053297474
LL15,53.10292844,-3.316263951
LL16,53.18509868,-3.433197972
LL22,53.26779086,-3.59687585
LL26,53.13946188,-3.786055502
LL27,53.14777081,-3.824658792
LL28,53.28802516,-3.761670121
LL29,53.28949122,-3.709221431
LL32,53.25810634,-3.841062418
LL37,52.67134772,-4.069982256
LL38,52.69531357,-4.050290894
LL39,52.71137442,-4.012336053
LL42,52.72570532,-4.055280824
LL43,52.77462982,-4.092683821
LL46,52.85568674,-4.107834078
LL49,52.92921126,-4.137961459
LL51,52.97421225,-4.238915409
LL54,53.05882382,-4.286968961
LL55,53.13382862,-4.204931555
LL57,53.20766102,-4.112649974
LL58,53.28119876,-4.099841155
LL60,53.21544001,-4.27238034
LL61,53.19521669,-4.264126587
LL64,53.22904688,-4.514540089
LL65,53.30105915,-4.570749635
LL67,53.41116477,-4.4570756
LL68,53.39806532,-4.378815603
LL70,53.36383395,-4.2880174
LL71,53.32942318,-4.37110525
LL73,53.33514792,-4.244830833
LL74,53.31810516,-4.230608329
LL75,53.28468327,-4.216547373
LN1,53.25907487,-0.588001036
LN13,53.26522648,0.183500086
LN2,53.25538674,-0.508250522
LN3,53.242843,-0.417858546
LN6,53.20186219,-0.597652166
LN8,53.37472435,-0.327138653
LS1,53.79739026,-1.552981165
LS10,53.7623617,-1.532592653
LS11,53.77642859,-1.557322069
LS13,53.81078686,-1.635209506
LS14,53.82807623,-1.457931368
LS15,53.80595402,-1.445310628
LS19,53.85993691,-1.684486046
LS22,53.9315032,-1.395572028
LS26,53.75279608,-1.450052986
LS27,53.74887343,-1.603621728
LS28,53.80204528,-1.669933484
LS3,53.80174071,-1.563617524
LS5,53.82030197,-1.605928118
LS6,53.82003331,-1.570193661
LS7,53.82038688,-1.539722492
LS8,53.82417732,-1.510291111
LS98,53.7804085,-1.529195
LU1,51.87480219,-0.426332334
LU2,51.89310652,-0.394508063
LU3,51.90928783,-0.443402686
LU6,51.8789137,-0.535875069
M1,53.47768155,-2.236311069
M11,53.4790257,-2.181315215
M13,53.46078038,-2.215970952
M14,53.44803429,-2.225604226
M17,53.46838906,-2.320867749
M18,53.46147137,-2.171066312
M2,53.48036085,-2.244495226
M20,53.42458267,-2.232276881
M22,53.38600324,-2.25986255
M25,53.52860926,-2.276061259
M26,53.56196798,-2.335219015
M29,53.50857109,-2.458543737
M31,53.41972029,-2.423214859
M32,53.45076668,-2.309583079
M33,53.42107346,-2.326116398
M34,53.45627901,-2.11846092
M38,53.53214301,-2.422800107
M41,53.45099317,-2.365179479
M43,53.48384009,-2.14931228
M44,53.44096593,-2.42715899
M5,53.4792636,-2.286374348
M50,53.47674999,-2.29238019
M60,53.48549446,-2.231862191
M61,53.47929,-2.244554
M7,53.50556642,-2.262096321
M90,53.36516271,-2.276984031
M99,53.48529393,-2.230479929
ME13,51.30336426,0.893894812
ME14,51.28053567,0.539333409
ME15,51.25413093,0.532486418
ME19,51.29156988,0.409053825
ME2,51.3921743,0.482696983
ME20,51.30445403,0.458771898
ME5,51.34893054,0.532472271
ME6,51.32301606,0.436707582
ME9,51.33462912,0.722348439
ME99,51.278324,0.519129
MK1,52.00626477,-0.727356156
MK16,52.08973438,-0.722746504
MK3,51.99743341,-0.753829412
MK4,52.00456877,-0.781100301
MK40,52.13803658,-0.473304958
MK41,52.15256383,-0.448042359
MK42,52.11937376,-0.474438228
MK43,52.11871122,-0.559586525
MK7,52.02003181,-0.691073299
MK8,52.03412629,-0.803402041
ML10,55.68051898,-4.068757482
ML11,55.66707212,-3.788582415
ML2,55.7767814,-3.91358884
ML4,55.81843046,-4.021459104
ML8,55.73098462,-3.842716543
N1,51.53786662,-0.097499422
N10,51.59477919,-0.144873704
N11,51.61434091,-0.140146108
N12,51.61499301,-0.177625001
N13,51.61862782,-0.103890272
N14,51.6342634,-0.130712821
N16,51.5627432,-0.076698317
N18,51.61389913,-0.066264024
N19,51.56522146,-0.13008428
N1C,51.53530689,-0.126203667
N2,51.59006028,-0.169171569
N3,51.60039297,-0.193982663
N6,51.57286351,-0.144958915
N81,51.589976,-0.112367
NE1,54.97252956,-1.611843064
NE10,54.94725556,-1.553942715
NE13,55.04510879,-1.646660572
NE17,54.91348084,-1.817629333
NE21,54.95776474,-1.721117035
NE22,55.13528082,-1.58644824
NE24,55.1223295,-1.522340352
NE25,55.05108848,-1.488073638
NE28,54.99978716,-1.520678524
NE29,55.01190138,-1.465824397
NE3,55.01038312,-1.63517838
NE34,54.97204484,-1.422344884
NE35,54.95134641,-1.460956882
NE38,54.89402428,-1.525775534
NE39,54.924173,-1.759921487
NE43,54.94820284,-1.905543077
NE44,54.94271201,-1.978290529
NE45,54.97650549,-2.015095868
NE48,55.13142091,-2.258283502
NE49,54.96722786,-2.460911179
NE5,54.9961772,-1.688947575
NE6,54.97754185,-1.5656367
NE61,55.17930471,-1.688171351
NE62,55.16153375,-1.593344971
NE66,55.42799127,-1.731027498
NE71,55.55528161,-2.04447206
NE8,54.95528503,-1.605864486
NE85,54.92866267,-1.574751333
NE88,54.941783,-1.615
NE92,54.941783,-1.615
NG1,52.95471303,-1.147912772
NG10,52.90048657,-1.283773896
NG14,53.01593627,-1.039862178
NG15,53.04550634,-1.203367496
NG18,53.13919238,-1.18442521
NG2,52.93546634,-1.132255749
NG21,53.14087126,-1.103852354
NG23,53.11641218,-0.801134611
NG3,52.96900764,-1.127992967
NG6,52.99818505,-1.192338782
NG8,52.96467482,-1.213472781
NG90,52.92632474,-1.191539957
NN12,52.13087332,-0.998281559
NN15,52.38368512,-0.705499057
NN18,52.47855304,-0.713880499
NN5,52.24656494,-0.934078145
NN7,52.2112518,-0.928920128
NP10,51.57835401,-3.046074703
NP12,51.66908025,-3.198222321
NP19,51.58903709,-2.963828373
NP23,51.78537754,-3.197384659
NP24,51.7189032,-3.238451965
NP25,51.80324638,-2.723842406
NP26,51.59059304,-2.778822572
NP44,51.65109329,-3.027896857
NP8,51.86094576,-3.150489479
NR10,52.73861871,1.240518799
NR11,52.84222567,1.27303343
NR14,52.56395246,1.378035404
NR16,52.47510083,1.057185359
NR17,52.51541822,0.995001776
NR18,52.57060462,1.105457758
NR22,52.89422802,0.866388641
NR23,52.94930037,0.857576886
NR24,52.85865265,1.0479231
NR25,52.91990475,1.083704147
NR26,52.93886882,1.208925095
NR29,52.6936599,1.635968286
NR31,52.57516083,1.708878763
NR33,52.45465356,1.717188014
NR34,52.43871701,1.583290071
NR35,52.46209813,1.432952573
NR5,52.64076545,1.229642948
NR7,52.64382624,1.335166693
NW1,51.53266108,-0.142518611
NW1W,51.530786,-0.135404
NW2,51.55835016,-0.219800705
NW26,51.530786,-0.135404
NW3,51.55248632,-0.172593363
NW4,51.58743412,-0.224005623
NW8,51.53183961,-0.173423939
NW9,51.58705472,-0.255992534
OL10,53.59064927,-2.223036173
OL14,53.71456191,-2.101000574
OL15,53.6445684,-2.100491897
OL2,53.5729396,-2.109984198
OL4,53.54230298,-2.073773349
OL9,53.53929777,-2.143982728
OX17,52.07393801,-1.290033116
OX20,51.85687883,-1.359503583
OX27,51.93791331,-1.149960525
OX33,51.75845225,-1.140178954
OX39,51.70117109,-0.914809515
OX44,51.69924174,-1.126203
OX5,51.82978925,-1.282108655
OX7,51.91134165,-1.528589034
PA11,55.85660638,-4.582812179
PA13,55.89330049,-4.631222648
PA15,55.94258309,-4.748366142
PA18,55.88927785,-4.885793569
PA19,55.95320849,-4.824787672
PA2,55.82869051,-4.435342591
PA20,55.83413179,-5.057223864
PA22,55.97090388,-5.133864375
PA24,56.15622915,-4.904994308
PA26,56.25900938,-4.9366445
PA27,56.15494485,-5.08524045
PA30,56.01328647,-5.449484
PA31,56.04975792,-5.456331368
PA32,56.20000486,-5.121440339
PA34,56.39469641,-5.486547491
PA35,56.40466998,-5.226915075
PA38,56.59333239,-5.333539194
PA4,55.8745555,-4.396701126
PA42,55.63739326,-6.1862275
PA43,55.75631805,-6.282778868
PA44,55.79819665,-6.29255435
PA46,55.8625142,-6.120009733
PA47,55.6819684,-6.5040162
PA5,55.83094777,-4.509576226
PA60,55.8663984,-5.92893615
PA61,56.07166,-6.202809125
PA62,56.359241,-5.851491
PA64,56.437761,-5.686162
PA65,56.46744414,-5.726623286
PA68,56.43493833,-6.142509
PA69,56.3795025,-6.07766325
PA7,55.90952055,-4.500666973
PA71,56.48005,-5.9812545
PA73,56.49604633,-6.184038
PA75,56.61221384,-6.122095469
PA78,56.6253374,-6.5460214
PE1,52.58791644,-0.240771728
PE10,52.77582996,-0.376960083
PE13,52.66975889,0.137244102
PE2,52.56076803,-0.26440327
PE21,52.97462394,-0.023399086
PE22,53.04938409,0.0435494
PE25,53.1534705,0.334545505
PE26,52.45370487,-0.115923738
PE3,52.58609377,-0.276016092
PE30,52.75982573,0.41627127
PE31,52.87835021,0.567172779
PE32,52.72916717,0.630181528
PE33,52.64912804,0.465053014
PE36,52.93995607,0.508522803
PE37,52.6412695,0.698524461
PE4,52.61234399,-0.265613981
PE5,52.57571027,-0.350095235
PE7,52.53784268,-0.205381248
PH1,56.4215597,-3.477654141
PH10,56.60818271,-3.360876752
PH12,56.57577315,-3.154801068
PH14,56.45296958,-3.181230418
PH15,56.61022961,-3.938552428
PH19,56.92633229,-4.256131714
PH2,56.38715137,-3.404500216
PH26,57.32982698,-3.60699506
PH3,56.30233698,-3.705313156
PH32,57.14452967,-4.683614417
PH34,56.91848287,-4.932514783
PH39,56.912235,-5.8419095
PH4,56.26082438,-3.78398
PH41,57.0042629,-5.83029145
PH43,57.015382,-6.281465
PH5,56.32829305,-3.829824349
PH7,56.37301486,-3.828089187
PL1,50.37047274,-4.152180325
PL11,50.37304577,-4.253826009
PL12,50.41931799,-4.249436261
PL16,50.6460831,-4.266209276
PL2,50.38962902,-4.16369358
PL20,50.49997499,-4.100679852
PL23,50.3374468,-4.635868487
PL24,50.35564229,-4.711318
PL25,50.34133808,-4.779577638
PL27,50.52348076,-4.872352468
PL29,50.5862547,-4.830152768
PL3,50.38761261,-4.126719653
PL31,50.4691287,-4.72200501
PL33,50.62184517,-4.731771026
PL4,50.37525545,-4.127468364
PL7,50.39273571,-4.046086354
PL9,50.35409305,-4.088591037
PO1,50.79951596,-1.089503358
PO14,50.83858245,-1.217795405
PO16,50.85078654,-1.159648918
PO18,50.86498446,-0.815015539
PO19,50.83764527,-0.778310768
PO20,50.78238091,-0.786750555
PO21,50.78442251,-0.697688133
PO22,50.79946686,-0.648320107
PO3,50.81629098,-1.059306718
PO31,50.75482063,-1.30699951
PO34,50.71592241,-1.113832553
PO35,50.68764472,-1.087488712
PO36,50.65845836,-1.163302673
PO39,50.68040437,-1.540076765
PO40,50.6823971,-1.521976707
PO6,50.84668251,-1.070003101
PO8,50.91257564,-1.012568084
PO9,50.86322531,-0.983684253
PR0,53.758821,-2.683904
PR1,53.75729293,-2.702288124
PR11,53.79042228,-2.684971369
PR2,53.77714808,-2.707504574
PR25,53.69436367,-2.694714664
PR3,53.86985773,-2.719435415
PR4,53.75206118,-2.833677849
PR7,53.64683032,-2.653976507
PR9,53.65867898,-2.969963687
RG10,51.48164455,-0.855953906
RG14,51.39963969,-1.323667269
RG18,51.43159347,-1.259767497
RG19,51.39054955,-1.25469038
RG20,51.40324577,-1.337602456
RG24,51.28047409,-1.078727828
RG25,51.22707384,-1.163835354
RG28,51.23409048,-1.336147751
RG29,51.24597229,-0.946869194
RG5,51.45204903,-0.902374041
RG7,51.39659436,-1.082793063
RG8,51.50578239,-1.106486413
RG9,51.54456644,-0.924724319
RH10,51.11766419,-0.158110579
RH11,51.11128757,-0.207536563
RH12,51.07610757,-0.333063394
RH13,51.03514407,-0.327037756
RH15,50.9574426,-0.132196013
RH16,51.00224299,-0.098557162
RH20,50.93781451,-0.471826023
RH4,51.23015881,-0.334377777
RH5,51.19137178,-0.343102072
RH7,51.17446129,-0.017002345
RH8,51.25161105,0.001811995
RH9,51.23592607,-0.066077836
RM1,51.58287321,0.183272354
RM10,51.54502068,0.157685259
RM13,51.52512425,0.194132385
RM14,51.55705356,0.263190616
RM16,51.49288,0.339947915
RM17,51.47970741,0.327918214
RM18,51.46706117,0.375084028
RM19,51.48279808,0.245929331
RM2,51.58404136,0.202438066
RM20,51.47860815,0.284729732
RM3,51.60198607,0.224679842
RM4,51.63859235,0.159172101
RM6,51.57577214,0.130006684
S1,53.38010131,-1.470066558
S12,53.34860893,-1.406877409
S14,53.3462127,-1.444525934
S18,53.29953896,-1.473791861
S2,53.36976329,-1.448284975
S20,53.33466739,-1.351745562
S21,53.31246706,-1.339530316
S25,53.3656095,-1.217834372
S26,53.35288172,-1.291196705
S32,53.29506141,-1.650611239
S35,53.45782676,-1.496786
S36,53.50468887,-1.615642697
S42,53.20033231,-1.423265317
S44,53.22529803,-1.312940642
S49,53.2352335,-1.4346838
S5,53.42213055,-1.463096026
S60,53.4149807,-1.349646101
S61,53.44405461,-1.394747202
S63,53.51835394,-1.3304424
S65,53.43607235,-1.319559994
S66,53.42060365,-1.243339754
S7,53.35509031,-1.490654166
S72,53.57849172,-1.392331092
S73,53.52441103,-1.394776206
S74,53.50099942,-1.440775042
S96,53.4031035,-1.4272855
S99,53.40427717,-1.431015
SA1,51.62744609,-3.940172128
SA10,51.68769114,-3.800274709
SA14,51.73305192,-4.107818249
SA15,51.70018051,-4.167748261
SA18,51.79787629,-3.960052697
SA19,51.95294624,-3.949287337
SA2,51.61936563,-3.997340403
SA20,52.01082479,-3.78702402
SA3,51.58009532,-4.050941079
SA31,51.85662166,-4.308118835
SA34,51.85249622,-4.618903022
SA37,52.01587168,-4.592343526
SA4,51.67313984,-4.048960466
SA40,52.0845213,-4.174579083
SA42,52.01539132,-4.853892384
SA44,52.08708514,-4.372482242
SA45,52.20818218,-4.35819443
SA48,52.14452232,-4.112526814
SA61,51.8001072,-4.974148781
SA63,51.87459773,-4.856100581
SA66,51.88202589,-4.745025534
SA67,51.78224709,-4.732758188
SA70,51.67259592,-4.740027186
SA72,51.69199523,-4.935835572
SA8,51.7217584,-3.848014599
SA99,51.670002,-3.945464
SE11,51.48976319,-0.11106068
SE12,51.4447429,0.021166534
SE1P,51.492763,-0.080126
SE2,51.48980536,0.115919769
SE20,51.41229038,-0.059202538
SE23,51.4412279,-0.049244646
SE26,51.42757529,-0.055024137
SE27,51.43055618,-0.10231261
SE4,51.46106783,-0.035129163
SE9,51.44525453,0.054823638
SG11,51.88305925,0.032114424
SG12,51.81417701,-0.0173784
SG13,51.78790047,-0.071158645
SG16,52.01478317,-0.298127709
SG17,52.03472276,-0.336367638
SG18,52.08179703,-0.267558027
SG2,51.89663884,-0.164859487
SG5,51.97014659,-0.28489614
SG6,51.97907062,-0.222287018
SG9,51.94678968,-0.009084116
SK1,53.40770822,-2.151864006
SK13,53.44875894,-1.964438744
SK14,53.45191956,-2.057018258
SK15,53.48698906,-2.048215855
SK16,53.47393638,-2.082560147
SK17,53.24414295,-1.880681105
SK22,53.37393674,-1.990318079
EC4R,51.51172431,-0.091543457
EH1,55.95155102,-3.19091971
EH11,55.93294209,-3.251138614
EH19,55.87295603,-3.104985238
EH21,55.93878393,-3.045995049
EH22,55.88452457,-3.060788821
EH23,55.83879608,-3.051339498
EH29,55.9563667,-3.400395217
EH3,55.95333152,-3.203885707
EH30,55.98567206,-3.392589788
EH32,55.96752389,-2.950804515
EH33,55.94155836,-2.945966892
EH36,55.855554,-2.854240909
EH4,55.96231355,-3.260976577
EH42,55.99410635,-2.525652698
EH43,55.62384093,-3.011598037
EH51,56.01120697,-3.605498779
EH52,55.93711425,-3.486960187
EH53,55.89366755,-3.475892886
EH8,55.94899461,-3.163992953
EH91,55.92315708,-3.305168167
EH99,55.95757033,-3.176108667
EN11,51.76545629,-0.009043397
EN2,51.65980592,-0.093841492
EN5,51.64964724,-0.1959592
EN6,51.6994715,-0.177507547
EN7,51.71159638,-0.068552531
EN8,51.69870917,-0.033602596
EX10,50.69297477,-3.246619643
EX12,50.70681062,-3.082234033
EX19,50.87756348,-4.005346071
EX2,50.71058999,-3.516628994
EX20,50.75150338,-4.018759076
EX21,50.80591131,-4.208479025
EX22,50.82747581,-4.367899303
EX24,50.74019275,-3.089521062
EX31,51.08646395,-4.065041559
EX32,51.07228116,-4.021821589
EX33,51.11499126,-4.173263796
EX34,51.19870842,-4.104376174
EX35,51.22407518,-3.828618839
EX36,51.01620928,-3.793530366
EX38,50.9437971,-4.152537167
EX39,51.01523901,-4.245001915
EX5,50.75686066,-3.439012074
EX6,50.6753047,-3.596159505
EX7,50.58341239,-3.470836088
EX8,50.62983362,-3.401942976
FK10,56.11594105,-3.783466167
FK16,56.19087568,-4.061810206
FK17,56.24006917,-4.220022812
FK20,56.40538783,-4.640131652
FK21,56.46554706,-4.321156314
FK3,56.01078245,-3.720647791
FY0,53.754617,-3.008008
FY1,53.81536011,-3.047137204
FY2,53.84564871,-3.040002807
FY4,53.7911084,-3.028984139
FY5,53.87508053,-3.022637769
FY6,53.86769395,-2.982023464
FY7,53.91600906,-3.027756508
FY8,53.75050489,-3.002890124
G1,55.85954854,-4.248327729
G11,55.87358725,-4.31325701
G13,55.89350895,-4.347908997
G14,55.88054994,-4.350843613
G2,55.86312322,-4.256029711
G20,55.88596038,-4.282935196
G21,55.88144091,-4.220484725
G23,55.90246982,-4.285159538
G3,55.86596077,-4.275400744
G32,55.84871182,-4.164854097
G4,55.86816303,-4.253075218
G41,55.83764986,-4.284232689
G43,55.81829658,-4.29053799
G44,55.81429402,-4.256382496
G51,55.85762031,-4.315746919
G53,55.82178147,-4.352545317
G58,55.86315978,-4.247869111
G60,55.92201114,-4.454187651
G62,55.9426762,-4.321295255
G64,55.91133169,-4.217691904
G69,55.87473105,-4.101922982
G72,55.80361292,-4.129209966
G75,55.75123822,-4.197350303
G76,55.77770175,-4.273163793
G77,55.77373915,-4.330862942
G78,55.79293991,-4.410088432
G81,55.91354956,-4.407601478
G83,56.01175,-4.586577725
G9,55.868629,-4.241889
G90,55.86899403,-4.240967286
GL1,51.85993575,-2.242336143
GL13,51.69309315,-2.46018917
GL15,51.73683349,-2.551951219
GL16,51.79578023,-2.612565459
GL19,51.94440995,-2.289400981
GL20,52.00244368,-2.132501496
GL3,51.86359998,-2.178327754
GL4,51.84051995,-2.220041136
GL51,51.89924454,-2.110093049
GL52,51.91670061,-2.057987142
GL53,51.87987032,-2.067479172
GL9,51.55682604,-2.30059925
GU1,51.24321918,-0.566067923
GU11,51.24843674,-0.763018923
GU12,51.25212317,-0.730218493
GU14,51.29373178,-0.76313404
GU15,51.33529689,-0.739083595
GU18,51.34534766,-0.658453361
GU20,51.36834559,-0.657636789
GU22,51.31275443,-0.551907897
GU23,51.29568319,-0.509002134
GU24,51.32995066,-0.627345104
GU26,51.11392022,-0.749842854
GU28,50.99091807,-0.631859409
GU3,51.24704909,-0.627679472
GU31,50.99720989,-0.90273694
GU32,51.00892259,-0.967199643
GU35,51.1166906,-0.847719961
GU4,51.24348143,-0.541167801
GU47,51.34911646,-0.792534127
GU51,51.28479749,-0.840858296
GU9,51.21891423,-0.794566306
HA5,51.59491978,-0.386052252
HA7,51.6108146,-0.309571098
HD4,53.62625683,-1.798112165
HD5,53.64747321,-1.746557605
HD7,53.62388182,-1.878071529
HD9,53.57971981,-1.796073682
HG5,54.01330859,-1.458424278
HP1,51.75506013,-0.487869075
HP11,51.62431312,-0.745085671
HP12,51.6258064,-0.780189628
HP13,51.6340881,-0.740647902
HP2,51.76366873,-0.453289578
HP21,51.80599217,-0.805966814
HP22,51.80561086,-0.770661781
HP23,51.79530771,-0.661846866
HP3,51.73659901,-0.471022952
HP4,51.76754718,-0.56893379
HP6,51.67836507,-0.600008787
HP8,51.63962295,-0.571439278
HP9,51.61049089,-0.641127439
HR1,52.06406339,-2.672168161
HR3,52.09414415,-3.087216688
HR5,52.1960651,-3.037810829
HR6,52.23299622,-2.772433879
HR7,52.18679927,-2.522278003
HR8,52.04474015,-2.444916512
HS1,58.21236536,-6.381411753
HS2,58.24771665,-6.465714528
HS3,57.88199037,-6.840751414
HS4,57.87078167,-6.696221111
HS6,57.60212082,-7.299904117
HS8,57.23516578,-7.346507027
HS9,56.97216614,-7.472835857
HU1,53.74304332,-0.337178654
HU12,53.72396044,-0.129741386
HU15,53.74799911,-0.618962558
HU17,53.84710298,-0.42712973
HU2,53.75055009,-0.340450847
HU20,53.78816662,-0.508358059
HU3,53.74241232,-0.366651502
HU4,53.73616599,-0.403679027
HU6,53.78098309,-0.370989907
HU8,53.76924868,-0.29989931
HU9,53.75572726,-0.290311296
HX5,53.68512365,-1.835487603
HX7,53.73924286,-2.008583604
IG1,51.55934462,0.073287126
IG11,51.5357667,0.092156439
IG2,51.57587831,0.081544105
IG3,51.56297896,0.102056942
IG4,51.57929732,0.051892371
IG6,51.59545494,0.087385421
IG9,51.62522809,0.039545353
IP10,52.01913418,1.268385091
IP11,51.96723184,1.341102168
IP12,52.0934894,1.369444188
IP13,52.18677306,1.319993206
IP14,52.20639577,1.03286829
IP19,52.34049415,1.493565345
IP20,52.40623512,1.31915603
IP24,52.41941678,0.757271607
IP27,52.42978714,0.581900273
IP29,52.19080152,0.659797013
IP30,52.20898395,0.840931325
IP4,52.06031838,1.17985783
IP5,52.06179632,1.243253011
IP7,52.06733442,0.94435637
IP98,52.37659083,1.111526333
IV1,57.48298881,-4.232090331
IV11,57.67703226,-4.039098738
IV12,57.5740774,-3.864991958
IV14,57.58521858,-4.550689139
IV18,57.70240439,-4.154907076
IV2,57.46727575,-4.190128482
IV22,57.7397643,-5.517006299
IV23,57.75896475,-4.991193673
IV26,57.92508797,-5.192257872
IV27,58.27530729,-4.798562225
IV28,58.00973536,-4.158218182
IV3,57.47687192,-4.2468316
IV32,57.63099722,-3.106660283
IV36,57.60988516,-3.606663043
IV4,57.45019228,-4.52695469
IV40,57.2738357,-5.648781111
IV41,57.27400929,-5.733037286
IV44,57.11117433,-5.882623889
IV45,57.0604895,-5.914692083
IV49,57.22792608,-5.94607441
IV51,57.47419323,-6.243272343
IV54,57.43103174,-5.616752947
IV6,57.52480056,-4.458945438
IV63,57.30145682,-4.538835742
IV99,57.481316,-4.223948
KA10,55.54950782,-4.648876347
KA12,55.61909969,-4.665041515
KA14,55.74008715,-4.673526242
KA18,55.45111389,-4.242123178
KA20,55.64126768,-4.751131261
KA22,55.65005277,-4.808714749
KA25,55.75302043,-4.688868588
KA26,55.21853067,-4.835249358
KA28,55.75447668,-4.924724918
KA6,55.41602514,-4.505000127
KA8,55.47179169,-4.61258126
KA9,55.49730307,-4.605446627
KT10,51.3682564,-0.354631181
KT11,51.32829316,-0.403383509
KT13,51.36836579,-0.449935566
KT16,51.3828392,-0.515251933
KT19,51.35242417,-0.269775098
KT2,51.41843153,-0.290354241
KT22,51.30140142,-0.339171686
KT23,51.28044217,-0.374947622
KT24,51.26995644,-0.429793077
KT4,51.37843434,-0.243023804
KT5,51.39117587,-0.286930981
KT7,51.38879129,-0.332303592
KW1,58.45671254,-3.121512842
KW11,58.30793283,-4.136246833
KW15,58.98000291,-2.959714727
KW16,58.96061764,-3.277468568
KW2,58.3482435,-3.164497
KW3,58.30666281,-3.280597472
KW5,58.287071,-3.383072833
KW7,58.1868124,-3.5016426
KY11,56.04787539,-3.415636598
KY12,56.07673013,-3.495397189
KY13,56.20821572,-3.433543467
KY14,56.3106281,-3.242357084
KY6,56.19727294,-3.199751144
KY8,56.19715213,-3.012413997
KY9,56.20940335,-2.837461917
KY99,56.05481738,-3.437713125
L1,53.40265656,-2.980298281
L10,53.47451532,-2.927059113
L11,53.4482036,-2.915504721
L12,53.43499672,-2.895779827
L13,53.41780387,-2.920697978
L14,53.41852822,-2.880713051
L16,53.39855096,-2.889390325
L18,53.38055823,-2.908551912
L19,53.35898003,-2.903429384
L2,53.40716627,-2.989466752
L20,53.45327802,-2.989014796
L21,53.47143604,-3.000094337
L22,53.47727253,-3.027952951
L23,53.49093827,-3.02395245
L24,53.3434229,-2.837981786
L28,53.43551783,-2.865710425
L29,53.50744514,-2.984746524
L3,53.40859945,-2.984707
L30,53.48434947,-2.972476313
L31,53.51344739,-2.938230671
L32,53.47817358,-2.889392186
L33,53.48995677,-2.876428039
L34,53.436354,-2.815681913
L36,53.41432386,-2.841430045
L38,53.52460469,-3.051533592
L39,53.56211071,-2.89593446
L6,53.41905692,-2.951168236
L67,53.418868,-2.966081571
L7,53.40566958,-2.950007384
L75,53.44182609,-2.984696394
LA10,54.31405561,-2.494246464
LA12,54.20332245,-3.083573995
LA13,54.11809026,-3.198522326
LA14,54.11834023,-3.231151321
LA17,54.23911231,-3.175620949
LA19,54.2931935,-3.375544972
LA21,54.36356027,-3.077810432
LA5,54.14382105,-2.79171778
LA7,54.22564635,-2.773427819
LD5,52.12622553,-3.623455243
LD7,52.35244491,-3.086147708
LE10,52.53696391,-1.369727533
LE11,52.76927644,-1.21741685
LE16,52.48663181,-0.894433022
LE18,52.58355198,-1.112488381
LE2,52.60783789,-1.116606025
LE4,52.66413271,-1.124423276
LE87,52.63054667,-1.134016913
LE9,52.57381424,-1.281554772
LE94,52.483703,-0.90551
LE95,52.606194,-1.190553
LL12,53.08701556,-2.989060101
LL17,53.25285908,-3.43709172
LL18,53.31057777,-3.476529394
LL19,53.33103078,-3.411363116
LL20,52.9590545,-3.160716374
LL21,52.98991307,-3.409529322
LL23,52.90530861,-3.601597798
LL24,53.05842492,-3.784895884
LL25,53.05381635,-3.880986935
LL30,53.31811358,-3.816321157
LL31,53.29089293,-3.810965466
LL33,53.25055566,-3.979583266
LL34,53.2707812,-3.914059379
LL35,52.54727545,-4.041721283
LL36,52.60402712,-4.064793398
LL40,52.75618215,-3.875797075
LL41,52.969351,-3.939349481
LL44,52.79104886,-4.09728988
LL45,52.8223484,-4.096086604
LL47,52.90201138,-4.063010149
LL48,52.93617417,-4.069937019
LL52,52.92504793,-4.240626632
LL53,52.88438171,-4.492965514
LL56,53.18553728,-4.204057293
LL59,53.23505274,-4.160382478
LL62,53.21081812,-4.386070899
LL63,53.21896267,-4.470489724
LL66,53.379776,-4.408259455
LL69,53.38618982,-4.319636212
LL72,53.35245549,-4.240078884
LL76,53.30088856,-4.239637556
LL77,53.260107,-4.312170219
LL78,53.31740571,-4.262668571
LN10,53.15865839,-0.217236005
LN11,53.37283812,0.025869712
LN12,53.32956354,0.264347218
LN4,53.15007314,-0.38352913
LN5,53.17687601,-0.556428378
LN7,53.49264207,-0.344807785
LN9,53.21754957,-0.112525309
LS12,53.79128758,-1.597230745
LS16,53.85184636,-1.60388785
LS17,53.85958539,-1.528396477
LS18,53.83955157,-1.639034197
LS2,53.80240522,-1.547147543
LS20,53.87409568,-1.715492871
LS21,53.91155253,-1.680568475
LS23,53.90203142,-1.350432549
LS24,53.87000978,-1.253525017
LS25,53.78563823,-1.329080437
LS29,53.91980548,-1.802492259
LS4,53.8102905,-1.584547866
LS88,53.765732,-1.501231
LS9,53.79950345,-1.510671616
LS99,53.77030278,-1.521503
LU4,51.89868984,-0.468654422
LU5,51.9096264,-0.513316975
LU7,51.90794756,-0.663793222
M12,53.46448635,-2.20230001
M15,53.46660622,-2.251884937
M16,53.45508887,-2.264477807
M19,53.43647076,-2.196378485
M21,53.43807239,-2.272842248
M23,53.39949613,-2.288775121
M24,53.55118581,-2.197853616
M27,53.51227555,-2.33723022
M28,53.51452317,-2.399161275
M3,53.48347125,-2.252292237
M30,53.48435428,-2.355012319
M35,53.50733797,-2.154481676
M4,53.4851751,-2.230665709
M40,53.50414073,-2.190959053
M45,53.54750894,-2.290429655
M46,53.52582858,-2.492037531
M6,53.49260434,-2.29900417
M8,53.5087299,-2.240306669
M9,53.52201179,-2.214036646
ME1,51.37336018,0.499480793
ME10,51.34316341,0.735503646
ME11,51.41325979,0.74665999
ME12,51.42234915,0.804476728
ME16,51.27387326,0.497281159
ME17,51.23373458,0.611239561
ME18,51.24270299,0.417357183
ME3,51.43565198,0.547086835
ME4,51.38110119,0.528959287
ME7,51.37946754,0.555743104
ME8,51.36124828,0.59626566
MK10,52.03769442,-0.698381099
MK11,52.05317701,-0.842930799
MK12,52.05789698,-0.816844735
MK13,52.05297166,-0.784141977
MK14,52.06175983,-0.75799884
MK15,52.0555706,-0.72740903
MK17,51.9943935,-0.70285098
MK18,51.97921092,-0.970440628
MK19,52.07343243,-0.85404567
MK2,51.99053096,-0.725361402
MK44,52.19601873,-0.426353757
MK45,52.0217608,-0.470785108
MK46,52.1556551,-0.702368739
MK5,52.02073261,-0.781758413
MK6,52.02966615,-0.741872374
MK77,52.0421,-0.818851
MK9,52.03875806,-0.747087705
ML1,55.79824545,-3.976206126
ML12,55.56752341,-3.595540634
ML3,55.77073206,-4.054896472
ML5,55.85968213,-4.031752652
ML6,55.86772669,-3.961617589
ML7,55.83009718,-3.795507612
ML9,55.7247189,-3.967550829
N15,51.58280409,-0.080691463
N17,51.5981909,-0.071923705
N1P,51.538427,-0.103252
N20,51.62928209,-0.174439045
N21,51.63657785,-0.099647557
N22,51.59984152,-0.110615358
N4,51.57084321,-0.103342494
N5,51.55380974,-0.098639161
N7,51.55298215,-0.118322962
N8,51.58395465,-0.117908094
N9,51.62845652,-0.058092471
NE11,54.93994644,-1.63537845
NE12,55.02419413,-1.57074963
NE15,54.98447418,-1.723614775
NE16,54.93184371,-1.692840416
NE18,55.03799255,-1.865139657
NE19,55.17743578,-2.093486093
NE2,54.98717787,-1.606392477
NE20,55.0528137,-1.78749557
NE23,55.08007069,-1.582649932
NE26,55.05282522,-1.457618635
NE27,55.03222626,-1.512528753
NE30,55.02120242,-1.439591156
NE31,54.97110472,-1.513643487
NE32,54.96760017,-1.484328852
NE33,54.99146272,-1.429639148
NE36,54.94508191,-1.440793919
NE37,54.91276937,-1.527934421
NE4,54.97385467,-1.644771823
NE40,54.9659372,-1.772770978
NE41,54.97594668,-1.820286
NE42,54.96238225,-1.855567617
NE46,54.97861466,-2.107433936
NE47,54.92848002,-2.253544669
NE63,55.17796594,-1.56347634
NE64,55.18445841,-1.515833902
NE65,55.3138342,-1.750592765
NE67,55.5361769,-1.692503676
NE68,55.57754023,-1.659436838
NE69,55.60480144,-1.718050706
NE7,54.99924194,-1.579746838
NE70,55.59394785,-1.816616612
NE82,54.939405,-1.615038333
NE83,54.934649,-1.615115
NE9,54.93120114,-1.585294252
NE98,54.979923,-1.594235
NE99,54.96862937,-1.614108339
NG11,52.89905863,-1.174596625
NG12,52.90897387,-1.052248821
NG13,52.94802965,-0.91923599
NG16,53.02728791,-1.295460767
NG17,53.11592188,-1.261370851
NG19,53.16048919,-1.198164715
NG20,53.21017483,-1.18491186
NG22,53.17962995,-0.974549375
NG24,53.07035041,-0.800539324
NG25,53.0739936,-0.96086327
NG31,52.91426607,-0.641149025
NG32,52.95033229,-0.651853891
NG33,52.81742987,-0.58015767
NG34,52.98733048,-0.394187777
NG4,52.97080719,-1.087569539
NG5,52.9972657,-1.143974221
NG7,52.95796184,-1.173681976
NG70,53.154607,-1.186924
NG80,52.93487233,-1.190497111
NG9,52.92595015,-1.237794661
NN1,52.24179257,-0.888420249
NN10,52.29264483,-0.59777958
NN11,52.24255922,-1.178452702
NN13,52.0328632,-1.148578386
NN14,52.41015505,-0.696871439
NN16,52.40488332,-0.716235516
NN17,52.50067151,-0.689529796
NN2,52.2628871,-0.897019478
NN29,52.2592271,-0.664462773
NN3,52.26221098,-0.842873833
NN4,52.21638801,-0.898287149
NN6,52.32380503,-0.947083638
NN8,52.30314971,-0.699549177
NN9,52.3335106,-0.599421176
NP11,51.6438755,-3.131682744
NP13,51.73531905,-3.141644689
NP15,51.72583113,-2.886931361
NP16,51.65002061,-2.689131828
NP18,51.60768456,-2.943569955
NP20,51.59077032,-3.006605835
NP22,51.77150388,-3.258296193
NP4,51.71959927,-3.047381495
NP7,51.82940941,-3.010740924
NR1,52.62738433,1.307268313
NR12,52.75995449,1.471616198
NR13,52.63403905,1.47141282
NR15,52.50413019,1.267342796
NR19,52.67542122,0.929871784
NR2,52.62958219,1.281087155
NR20,52.72408776,0.980060815
NR21,52.84114262,0.851748571
NR27,52.92445452,1.300240336
NR28,52.82254697,1.397912277
NR3,52.64328344,1.292116521
NR30,52.6195925,1.727637587
NR32,52.48921074,1.732610799
NR4,52.61332022,1.259799139
NR6,52.66174289,1.280895623
NR8,52.67758134,1.206654903
NR9,52.63424949,1.106396226
NR99,52.6266322,1.3091852
NW10,51.54104136,-0.247739277
NW11,51.57852742,-0.19757336
NW5,51.55193682,-0.144361095
NW6,51.54181425,-0.196198403
NW7,51.61498895,-0.236405137
OL1,53.54924507,-2.106587385
OL11,53.6061006,-2.176741001
OL12,53.63591637,-2.165789791
OL13,53.70085841,-2.20456398
OL16,53.6129122,-2.133737414
OL3,53.55346408,-2.010936016
OL5,53.51762444,-2.039020053
OL6,53.49402744,-2.086609072
OL7,53.4906163,-2.107054748
OL8,53.52600539,-2.117243568
OL95,53.556354,-2.105399
OX1,51.74516799,-1.260988949
OX10,51.60756814,-1.128698069
OX11,51.59906898,-1.249080454
OX12,51.59541754,-1.425769853
OX13,51.67808865,-1.353661851
OX14,51.66815037,-1.277224904
OX15,52.03071879,-1.413085325
OX16,52.06225039,-1.341114719
OX18,51.76292002,-1.592386451
OX2,51.76575349,-1.279545449
OX25,51.90055588,-1.216009335
OX26,51.90196271,-1.152556219
OX28,51.78587105,-1.485982952
OX29,51.79420526,-1.434417432
OX3,51.76135011,-1.212458985
OX4,51.73105097,-1.217171145
OX49,51.65024897,-1.001106649
OX9,51.73825323,-0.984249875
PA1,55.84471033,-4.417486361
PA10,55.83341158,-4.552122392
PA12,55.79479095,-4.626272815
PA14,55.92734231,-4.664089855
PA16,55.94281642,-4.799904384
PA17,55.86364714,-4.88529587
PA21,55.90196112,-5.247542767
PA23,55.95424376,-4.933292845
PA25,56.214467,-5.042197667
PA28,55.43633963,-5.60484585
PA29,55.80809359,-5.473426923
PA3,55.85161359,-4.446013007
PA33,56.36906915,-5.057157758
PA36,56.51998788,-4.772932875
PA37,56.4676586,-5.388568602
PA41,55.6744916,-5.7425492
PA45,55.81960814,-6.167068429
PA48,55.738172,-6.384695313
PA49,55.782284,-6.394819667
PA6,55.86524037,-4.537219265
PA63,56.381757,-5.715846
PA66,56.32807013,-6.354422375
PA67,56.31373543,-6.2326885
PA70,56.364163,-6.034505833
PA72,56.51753384,-5.965027211
PA74,56.531451,-6.232421
PA76,56.33386167,-6.394821333
PA77,56.49451771,-6.882996895
PA8,55.90080762,-4.453456991
PA80,56.56770218,-5.784785529
PA9,55.80972267,-4.55282675
PE11,52.80549737,-0.166550173
PE12,52.78511566,0.027746885
PE14,52.63885697,0.206863162
PE15,52.53725366,0.085353325
PE16,52.45461549,0.048903545
PE19,52.23583331,-0.264288956
PE20,52.93148357,-0.104039253
PE23,53.17296901,0.089690748
PE24,53.16492791,0.265673909
PE27,52.33160649,-0.070747971
PE28,52.35789048,-0.188870373
PE29,52.33385284,-0.179946615
PE34,52.72491279,0.338854666
PE35,52.82528683,0.5101785
PE38,52.58825476,0.375971803
PE6,52.65579224,-0.255843538
PE8,52.52263618,-0.449904604
PE9,52.65487612,-0.481983201
PE99,52.613507,-0.286558
PH11,56.63813459,-3.235881258
PH13,56.5375247,-3.274855802
PH16,56.70699793,-3.809497889
PH17,56.68615115,-4.374572154
PH18,56.77315726,-3.890279848
PH20,57.05508989,-4.1514245
PH21,57.08974702,-4.020022824
PH22,57.19321658,-3.82027966
PH23,57.28406138,-3.814886276
PH24,57.25699264,-3.743381
PH25,57.26144671,-3.647516286
PH30,56.79214,-4.601595
PH31,56.89203825,-4.817179
PH33,56.81454139,-5.084758708
PH35,57.07415953,-4.9151024
PH36,56.7216975,-5.849048147
PH37,56.82177325,-5.5266265
PH38,56.8438596,-5.7418642
PH40,56.9623964,-5.8006834
PH42,56.901858,-6.142726
PH44,57.056771,-6.503636
PH49,56.67432095,-5.112828275
PH50,56.71419777,-4.964373864
PH6,56.37174228,-3.998661304
PH8,56.56235531,-3.599252991
PH9,56.65044302,-3.691394733
PL10,50.34576155,-4.211570938
PL13,50.3579478,-4.475314665
PL14,50.4637483,-4.465885559
PL15,50.63319543,-4.397808671
PL17,50.51470589,-4.310124425
PL18,50.5153067,-4.221267864
PL19,50.55628681,-4.154526084
PL21,50.38566649,-3.918598893
PL22,50.40337189,-4.651798424
PL26,50.34429344,-4.826871601
PL28,50.53292275,-4.96821695
PL30,50.50163102,-4.728686091
PL32,50.63278585,-4.662628344
PL34,50.65996543,-4.743891114
PL35,50.68488051,-4.685265115
PL5,50.4109591,-4.166879871
PL6,50.41824089,-4.116716181
PL8,50.33555245,-4.012755589
PL95,50.36441,-4.104414
PO10,50.85173532,-0.929819901
PO11,50.79190303,-0.9757198
PO12,50.79805377,-1.142158481
PO13,50.81237947,-1.180253484
PO15,50.86546535,-1.225261108
PO17,50.88832272,-1.173185067
PO2,50.81734933,-1.077699113
PO30,50.69166392,-1.31321805
PO32,50.75118825,-1.280792487
PO33,50.721624,-1.169712565
PO37,50.63153236,-1.179405395
PO38,50.60483467,-1.241440818
PO4,50.79027813,-1.062378119
PO41,50.70058407,-1.477026362
PO5,50.78875913,-1.086220963
PO7,50.88288588,-1.039876232
PR26,53.68785293,-2.740502294
PR5,53.7315205,-2.657813327
PR6,53.66704856,-2.612239719
PR8,53.6266587,-3.009098648
RG1,51.45409307,-0.970459984
RG12,51.40706131,-0.749970876
RG17,51.4424409,-1.503132678
RG2,51.42447207,-0.955234221
RG21,51.26583549,-1.089731207
RG22,51.24887521,-1.124307388
RG23,51.26041289,-1.148275254
RG26,51.34145519,-1.132904943
RG27,51.3001921,-0.946478443
RG30,51.4515773,-1.01383409
RG31,51.45685932,-1.044089136
RG4,51.48168948,-0.969814329
RG40,51.39968254,-0.836747229
RG41,51.41637114,-0.863079582
RG42,51.42728391,-0.756634626
RG45,51.37320378,-0.801926523
RG6,51.44050223,-0.930036007
RH1,51.23741208,-0.157975147
RH14,51.03359233,-0.486491311
RH17,51.0230799,-0.11890362
RH18,51.09451486,0.033389831
RH19,51.12544786,-0.014058067
RH2,51.23533659,-0.20308387
RH3,51.23267366,-0.27938409
RH6,51.17200418,-0.163177156
RH77,51.138771,-0.169752
RM11,51.57052847,0.218596578
RM12,51.55297023,0.207274281
RM15,51.50863163,0.276351714
RM5,51.60062267,0.164949457
RM7,51.57465567,0.168903619
RM8,51.5570693,0.129857974
RM9,51.54159536,0.134265734
S10,53.37684863,-1.518422829
S11,53.36098722,-1.508194704
S13,53.36458025,-1.384314511
S17,53.32150762,-1.528138953
S3,53.3874962,-1.473678956
S33,53.34451272,-1.739190645
S4,53.40070391,-1.449937926
S40,53.23411527,-1.445933174
S41,53.2472078,-1.428302954
S43,53.26745264,-1.343740827
S45,53.16559998,-1.421459644
S6,53.40289766,-1.512243257
S62,53.46576973,-1.347603704
S64,53.49080831,-1.2999015
S70,53.54187764,-1.475101198
S71,53.57402949,-1.456409559
S75,53.56254917,-1.521680118
S8,53.34078577,-1.47821237
S80,53.29297643,-1.150607961
S81,53.33856444,-1.123780982
S9,53.39831973,-1.417969106
S97,53.50298457,-1.338231595
S98,53.40395762,-1.431585686
SA11,51.67460818,-3.761810665
SA12,51.60813978,-3.79577563
SA13,51.60524709,-3.728378276
SA16,51.68929794,-4.256587598
SA17,51.75691175,-4.286772334
SA32,51.88727718,-4.170516381
SA33,51.85004162,-4.439975231
SA35,51.97094184,-4.558232744
SA36,51.95782564,-4.608643727
SA38,52.04014529,-4.475696458
SA39,52.01923111,-4.245066569
SA41,51.99747872,-4.706879945
SA43,52.08723258,-4.628640374
SA46,52.23589166,-4.25466976
SA47,52.19217255,-4.299711648
SA5,51.64882863,-3.970814361
SA6,51.67618864,-3.922304221
SA62,51.84118658,-5.064960955
SA64,52.00206903,-5.012693298
SA65,51.98790103,-4.969981035
SA68,51.73033924,-4.766515095
SA69,51.7104933,-4.706458158
SA7,51.66400265,-3.889874095
SA71,51.6682215,-4.930100469
SA73,51.71707924,-5.011973636
SA80,51.64794725,-3.92433575
SA9,51.78157007,-3.768885451
SE1,51.49871025,-0.090448275
SE10,51.48323347,-0.000716745
SE13,51.45930195,-0.009495719
SE14,51.47557426,-0.042544947
SE15,51.47266359,-0.065797762
SE16,51.4965901,-0.053490163
SE17,51.48798789,-0.09316681
SE18,51.48434304,0.071908932
SE19,51.41803105,-0.085931968
SE21,51.43900418,-0.088679358
SE22,51.45446456,-0.072444601
SE24,51.45732273,-0.099940578
SE25,51.39782316,-0.076859784
SE28,51.50231245,0.104591096
SE3,51.46946077,0.019292889
SE5,51.47373743,-0.09154846
SE6,51.43839563,-0.016682036
SE7,51.4842725,0.033916892
SE8,51.48188648,-0.029720513
SG1,51.91213044,-0.19570868
SG10,51.845328,0.072534804
SG14,51.80751554,-0.093105591
SG15,52.01333223,-0.263754505
SG19,52.13975744,-0.240937055
SG3,51.86084242,-0.18232785
SG4,51.92157333,-0.260656198
SG7,52.00344129,-0.176787139
SG8,52.06453238,-0.015201721
SK10,53.27714877,-2.130257983
SK11,53.24568883,-2.144685181
SK12,53.35165618,-2.094378065
SK2,53.39451439,-2.132864614
SK23,53.32598989,-1.946390637
SK4,53.41951911,-2.182006717
SK9,53.32774204,-2.230833982
SL1,51.51773965,-0.621246944
SL3,51.49922024,-0.552758109
SL7,51.57523348,-0.777924985
SL8,51.57846631,-0.708866507
SM2,51.35211718,-0.19873435
SM5,51.36871597,-0.168712415
SM6,51.36085454,-0.144074111
SN11,51.43980691,-1.999951346
SN13,51.42568977,-2.210230491
SN15,51.47203016,-2.084269686
SN2,51.57837321,-1.782390147
SN26,51.61242522,-1.787289275
SN38,51.5617154,-1.797309608
SN4,51.52993661,-1.833410419
SN9,51.32507866,-1.787067612
SO16,50.9361755,-1.432764056
SO17,50.92695961,-1.39427611
SO18,50.92385678,-1.362560965
SO20,51.11482003,-1.509050846
SO21,51.07544968,-1.316326502
SO22,51.06618478,-1.335261159
SO24,51.08443293,-1.147764482
SO40,50.91335564,-1.50394131
SO42,50.81265087,-1.53714942
SO43,50.88730117,-1.586897593
SO97,50.948479,-1.361951
SP2,51.07468538,-1.825030898
SP4,51.16810566,-1.764338972
SP8,51.03707503,-2.29000143
SR1,54.90686029,-1.381149083
SR3,54.87721241,-1.416794014
SR6,54.93517338,-1.380058037
SR7,54.83057833,-1.362807622
SR8,54.7669097,-1.336747773
SS11,51.6158611,0.536915217
SS12,51.60555628,0.520554273
SS14,51.57555917,0.473075418
SS16,51.56275928,0.452115153
SS2,51.55066981,0.716505878
SS4,51.59326804,0.712988063
SS8,51.52224743,0.589691995
ST10,52.98849383,-1.965009604
ST11,52.96603373,-2.065046919
ST12,52.94780201,-2.172978738
ST14,52.90421867,-1.869500368
ST17,52.78826158,-2.098946328
ST18,52.81506421,-2.081896948
ST2,53.0281984,-2.135658103
ST5,53.01553035,-2.239082451
ST55,53.01503121,-2.243591328
ST6,53.05759677,-2.190014015
ST9,53.05240212,-2.09851973
SW10,51.48402916,-0.182825172
SW11,51.46678514,-0.165672261
SW14,51.46559944,-0.266818339
SW16,51.42155107,-0.129183533
SW17,51.43072243,-0.164612386
SW19,51.42380729,-0.203554094
SW1H,51.49877682,-0.134089307
SW1P,51.49577868,-0.134834763
SW1V,51.49023552,-0.139858611
SW1W,51.49338225,-0.149508152
SW1X,51.49826569,-0.154957437
SW3,51.49002626,-0.166917961
SW5,51.49079323,-0.190939073
SW6,51.47677841,-0.201291224
SW7,51.49630988,-0.176881367
SW8,51.47653597,-0.132670322
SW99,51.476185,-0.117515
SY10,52.83979854,-3.121399405
SY12,52.90326342,-2.894501474
SY13,52.95215154,-2.690630344
SY14,53.03061561,-2.765975854
SY18,52.44132872,-3.549636921
SY2,52.70651795,-2.729507936
SY21,52.65848958,-3.206909272
SY25,52.23738439,-3.93779235
SY4,52.79894139,-2.751299663
SY8,52.36562082,-2.696128495
SY9,52.4976667,-2.987087776
TA11,51.06090687,-2.702701731
TA13,50.94679046,-2.81101057
TA17,50.90810418,-2.836982882
TA18,50.88305559,-2.787429607
TA2,51.03382918,-3.103220489
TA20,50.87355273,-2.962717619
TA21,50.97752196,-3.246211332
TA23,51.16301611,-3.352261492
TA4,51.07248908,-3.269939962
TA7,51.13112854,-2.911684974
TA8,51.244602,-2.994890691
TD1,55.62367468,-2.812120664
TD12,55.65286149,-2.240308119
TD13,55.93469058,-2.38201393
TD3,55.70184138,-2.573772667
TD5,55.58778,-2.417607779
TD6,55.58211234,-2.693697862
TD9,55.39732794,-2.776848852
TF1,52.70293708,-2.504009549
TF10,52.76965916,-2.38664065
TF13,52.57840578,-2.5828285
TF3,52.66599599,-2.445316818
TF4,52.66212712,-2.469632711
TF7,52.63603337,-2.450877653
TF8,52.62940362,-2.481715733
TN1,51.13455912,0.266669188
TN11,51.20700709,0.265492787
TN14,51.29723472,0.157705493
TN15,51.30194861,0.272614769
TN16,51.29371103,0.05130665
TN17,51.09638353,0.536361502
TN18,51.04425006,0.523351563
TN2,51.13967974,0.285430615
TN24,51.1499835,0.886840226
TN25,51.14338079,0.939854803
TN26,51.09758973,0.79983072
TN27,51.16704928,0.70134236
TN28,50.98268173,0.950817286
TN3,51.12153207,0.24952488
TN31,50.96236942,0.688579647
TN32,50.98017639,0.48976351
TN35,50.88244304,0.613601245
TN38,50.86400481,0.544153868
TN5,51.06026146,0.363688015
TN6,51.05299675,0.173965025
TN9,51.19143251,0.27602317
TQ10,50.42386515,-3.825731588
TQ12,50.5289168,-3.611007333
TQ14,50.55068764,-3.508197696
TQ2,50.47626109,-3.546076952
TQ5,50.39182349,-3.523599315
TQ6,50.34729038,-3.590208495
TQ7,50.28253011,-3.784281122
TQ8,50.23837397,-3.772154915
TR10,50.16727789,-5.118593095
TR11,50.14991428,-5.087723636
TR13,50.10967128,-5.286287855
TR14,50.21034231,-5.296777534
TR15,50.23308067,-5.237160667
TR19,50.09998756,-5.630028038
TR2,50.25372436,-4.951328033
TR20,50.13185851,-5.4896713
TR21,49.92719045,-6.267827878
TR23,49.9555295,-6.3510305
TR24,49.95541624,-6.335354412
TR25,49.964211,-6.293352
TR26,50.20288203,-5.479087522
TR6,50.34206029,-5.153099966
TR7,50.4139815,-5.074621033
TR8,50.39874926,-5.03763726
TS10,54.6063995,-1.069739677
TS12,54.5624978,-0.966916203
TS13,54.54968745,-0.854350174
TS15,54.4881248,-1.332604196
TS16,54.52260613,-1.355169562
TS20,54.58672182,-1.31385225
TS23,54.60903892,-1.285647697
TS26,54.6886965,-1.232115003
TS4,54.55584724,-1.223527535
TS7,54.53404889,-1.184464795
TS8,54.52157254,-1.232443477
TW10,51.44862944,-0.303046462
TW13,51.43900112,-0.402173489
TW14,51.45277791,-0.421382746
TW16,51.41595562,-0.417051216
TW18,51.42807941,-0.506163485
TW19,51.45404778,-0.499366513
TW2,51.44656426,-0.353319421
TW20,51.42753943,-0.552049245
TW6,51.47013358,-0.450590396
TW7,51.47306886,-0.335673376
TW8,51.48707353,-0.307085797
UB10,51.54918029,-0.451843297
UB18,51.50072,-0.402664
UB3,51.50507645,-0.424162199
W10,51.52266834,-0.214236627
W11,51.51244973,-0.206186935
W12,51.50820931,-0.233743654
W13,51.51313426,-0.321041554
W14,51.49503325,-0.210692292
W1G,51.51917677,-0.148173386
W1H,51.51760529,-0.161091345
W1J,51.50794337,-0.144921953
W1K,51.51120955,-0.150928711
W1S,51.51122818,-0.14236599
W1T,51.5201802,-0.136606916
W1W,51.51908189,-0.141299671
W2,51.51579249,-0.180598313
W3,51.51035745,-0.268429634
W4,51.49124365,-0.263853758
W6,51.49267974,-0.229107501
W8,51.50094365,-0.194570122
W9,51.52668781,-0.192533943
WA10,53.45404008,-2.75567603
WA12,53.45393875,-2.633149787
WA14,53.38746371,-2.359671486
WA15,53.3842749,-2.325858602
WA16,53.30338079,-2.37155896
WA5,53.39874411,-2.63759972
WA6,53.27287013,-2.724119867
WA8,53.37252724,-2.741981498
WC1A,51.51720539,-0.124464186
WC1B,51.51909602,-0.126283778
WC1E,51.52159743,-0.132557975
WC1H,51.52644737,-0.126009179
WC1N,51.52265452,-0.119946797
WC1X,51.5259264,-0.115584562
WC2A,51.51607497,-0.114731514
WC2B,51.51495945,-0.120713108
WC2E,51.51205774,-0.123254888
WC2H,51.5133078,-0.127470436
WC2N,51.50943454,-0.124858071
WD17,51.66325175,-0.405413057
WD23,51.64518301,-0.360350022
WD24,51.6728917,-0.397958913
WD25,51.68649642,-0.387761888
WD5,51.70561,-0.419103982
WD6,51.65717588,-0.276098621
WD99,51.649586,-0.422427
WF11,53.71175655,-1.256109236
WF12,53.68329892,-1.620279169
WF14,53.67991079,-1.695438436
WF16,53.71017715,-1.670270412
WF5,53.68040318,-1.576495487
WF6,53.70023476,-1.41579527
WF8,53.68578258,-1.300583822
WF9,53.6063073,-1.320964256
WF90,53.668863,-1.526848
WN1,53.55291107,-2.628639097
WN2,53.5361547,-2.582561913
WN3,53.52915041,-2.645564692
WN6,53.57473578,-2.671726214
WN8,53.55304671,-2.76963277
WR5,52.17684366,-2.201434099
WR6,52.22892295,-2.373611262
WR78,52.197696,-2.223492
WR8,52.08052494,-2.204509539
WS1,52.57976233,-1.97873655
WS11,52.68896505,-2.018223035
WS14,52.66556779,-1.816012408
WS2,52.5890871,-2.004236725
WS3,52.61955061,-1.99208291
WS4,52.60629199,-1.959247463
WS6,52.65819622,-2.023129652
WS8,52.64729959,-1.933440849
WS9,52.60984473,-1.918837417
WV1,52.58654896,-2.116200655
WV12,52.60603027,-2.040494679
WV13,52.58516402,-2.058803855
WV15,52.51571791,-2.375698257
WV16,52.51225153,-2.439477205
WV2,52.5742414,-2.119666306
WV3,52.57918007,-2.155833731
WV4,52.56180097,-2.144304166
WV7,52.63585373,-2.27935599
WV9,52.63503212,-2.142500234
YO10,53.95056868,-1.058860992
YO11,54.26586638,-0.396932438
YO12,54.27343002,-0.424218636
YO14,54.19910788,-0.298365347
YO16,54.09564113,-0.201768286
YO18,54.2590842,-0.769198966
YO23,53.92386913,-1.123969651
YO25,54.00444714,-0.415745566
YO41,53.96990526,-0.901817053
YO42,53.92342941,-0.791095622
YO7,54.22551704,-1.350355664
YO8,53.78149496,-1.059849162
ZE1,60.15133417,-1.169713756
ZE3,59.88291433,-1.30418675
SK3,53.39831317,-2.172211078
SK5,53.43513311,-2.152761389
SK6,53.40558998,-2.081184444
SK7,53.36999758,-2.142937521
SK8,53.37993012,-2.209358724
SL0,51.52516808,-0.515965511
SL2,51.5352415,-0.605159503
SL4,51.47538668,-0.627135771
SL5,51.40540773,-0.663297946
SL6,51.52369403,-0.728487306
SL9,51.59717726,-0.555920994
SL95,51.497867,-0.532526
SM1,51.36652617,-0.192756239
SM3,51.37102382,-0.215656769
SM4,51.39320717,-0.199669244
SM7,51.32292642,-0.201320538
SN1,51.5566011,-1.780785337
SN10,51.33702657,-1.987371216
SN12,51.37229241,-2.137694963
SN14,51.4755582,-2.198109357
SN16,51.59321028,-2.089594022
SN25,51.59485241,-1.805813804
SN3,51.56234253,-1.745573626
SN5,51.56595732,-1.839668038
SN6,51.62160899,-1.742037165
SN7,51.64930918,-1.56590601
SN8,51.40660211,-1.686668971
SN99,51.55386383,-1.737090435
SO14,50.90804795,-1.396884339
SO15,50.91702434,-1.424576951
SO19,50.90230314,-1.354741621
SO23,51.06813523,-1.308920061
SO30,50.92019015,-1.307166887
SO31,50.86926969,-1.299127786
SO32,50.94983903,-1.202537046
SO41,50.75540242,-1.56678083
SO45,50.84734251,-1.394924267
SO50,50.96959924,-1.341398208
SO51,50.99520541,-1.505055036
SO52,50.97745777,-1.44412541
SO53,50.98578637,-1.38328537
SP1,51.07461074,-1.789717969
SP10,51.21116651,-1.484478369
SP11,51.22789975,-1.516452849
SP3,51.1016271,-2.009566415
SP5,51.02262224,-1.772581061
SP6,50.93657315,-1.802084231
SP7,51.00515287,-2.184297056
SP9,51.23265978,-1.66553234
SR2,54.88705305,-1.377324178
SR4,54.90046916,-1.425565762
SR5,54.92264219,-1.424052468
SR9,54.9116435,-1.41602025
SS0,51.54660759,0.688363169
SS1,51.53771,0.730324904
SS13,51.57504747,0.51037953
SS15,51.57724396,0.428877749
SS17,51.52197445,0.438178651
SS22,51.556985,0.706853
SS3,51.54305224,0.790561517
SS5,51.60798163,0.648009571
SS6,51.58835631,0.607684297
SS7,51.56249382,0.577630557
SS9,51.55466098,0.651015387
SS99,51.54718724,0.712503179
ST1,53.02713026,-2.173324063
ST13,53.10090985,-2.019638986
ST15,52.90015694,-2.149367561
ST16,52.81227519,-2.120096488
ST19,52.70972126,-2.148247683
ST20,52.79868859,-2.270990043
ST21,52.87113808,-2.267420333
ST3,52.98079764,-2.123054586
ST4,52.99532475,-2.185101561
ST7,53.08827416,-2.266487111
ST8,53.11538882,-2.168090156
SW12,51.44628264,-0.149275902
SW13,51.47591432,-0.244564409
SW15,51.45711111,-0.228297837
SW18,51.45064565,-0.191432156
SW1A,51.50368042,-0.133017842
SW1E,51.49789053,-0.139842732
SW1Y,51.50662514,-0.134825
SW2,51.449568,-0.119859821
SW20,51.41125926,-0.226527913
SW4,51.46106071,-0.136564418
SW9,51.46913879,-0.114026917
SW95,51.481036,-0.135779
SY1,52.72290635,-2.742015497
SY11,52.86918987,-3.031970717
SY15,52.55432974,-3.13238808
SY16,52.52073755,-3.312605408
SY17,52.51744833,-3.468695022
SY19,52.57867378,-3.635081722
SY20,52.61443657,-3.819491367
SY22,52.75675538,-3.188023345
SY23,52.38023943,-4.050493993
SY24,52.47286679,-4.021179629
SY3,52.69901752,-2.772205844
SY5,52.65193908,-2.831196987
SY6,52.5391457,-2.791248178
SY7,52.42590017,-2.887643238
SY99,52.71287767,-2.749553333
TA1,51.01591425,-3.106426144
TA10,51.03332737,-2.826392092
TA12,50.9747861,-2.773010969
TA14,50.94674821,-2.751831337
TA15,50.95115485,-2.719398962
TA16,50.90879532,-2.793468302
TA19,50.93456882,-2.915202164
TA22,51.0456177,-3.545437965
TA24,51.18228928,-3.510921077
TA3,50.99425969,-3.037746379
TA5,51.14627743,-3.105649813
TA6,51.12518417,-3.001411043
TA9,51.2258504,-2.956766585
TD10,55.71154529,-2.451609756
TD11,55.7877839,-2.314641093
TD14,55.86755655,-2.124037711
TD15,55.74867041,-2.013690886
TD2,55.73081817,-2.753733699
TD4,55.64239378,-2.672140787
TD7,55.53653428,-2.873253823
TD8,55.47556564,-2.542089007
TF11,52.66421782,-2.357859332
TF12,52.61211625,-2.481944716
TF2,52.7040471,-2.440324837
TF5,52.71704611,-2.538950336
TF6,52.73632784,-2.555321235
TF9,52.89701596,-2.471010213
TN10,51.21153956,0.28427113
TN12,51.17263062,0.44194913
TN13,51.27654171,0.184348253
TN19,51.00306773,0.407427404
TN20,51.01961126,0.252341427
TN21,50.95907912,0.263187357
TN22,50.9817534,0.099709057
TN23,51.13964919,0.858656837
TN29,50.99406388,0.932894435
TN30,51.06264089,0.696610019
TN33,50.91103588,0.475594427
TN34,50.86427794,0.581563525
TN36,50.92116171,0.699919311
TN37,50.87207982,0.557039479
TN39,50.84656613,0.452369651
TN4,51.14596179,0.255736185
TN40,50.8445943,0.481598458
TN7,51.09492097,0.103567653
TN8,51.19521905,0.077496548
TQ1,50.4731454,-3.524033413
TQ11,50.4816098,-3.783137252
TQ13,50.59448287,-3.718997426
TQ3,50.44376246,-3.57593842
TQ4,50.42398649,-3.571358475
TQ9,50.41735466,-3.691641699
TR1,50.26322236,-5.054519063
TR12,50.04343008,-5.180152712
TR16,50.23241368,-5.221030087
TR17,50.1253157,-5.470418862
TR18,50.11747693,-5.542566422
TR22,49.892473,-6.344819
TR27,50.18252256,-5.404071014
TR3,50.21715764,-5.111488575
TR4,50.28418648,-5.138483299
TR5,50.30965061,-5.194723561
TR9,50.41366826,-4.935961883
TR93,50.129377,-5.502804
TS1,54.57215556,-1.23958434
TS11,54.5876464,-1.027337142
TS14,54.53238578,-1.061812497
TS17,54.53696505,-1.30391873
TS18,54.56147969,-1.324609199
TS19,54.57678055,-1.342334015
TS2,54.58587955,-1.235868328
TS21,54.62821546,-1.428861864
TS22,54.62102892,-1.316262409
TS24,54.69624611,-1.21111096
TS25,54.66310576,-1.225351007
TS27,54.72418947,-1.290831335
TS28,54.72527684,-1.375049455
TS29,54.71085476,-1.420129505
TS3,54.56044427,-1.19692564
TS5,54.55079816,-1.252092627
TS6,54.56598407,-1.153682307
TS9,54.46618765,-1.164890605
TW1,51.45064237,-0.325885671
TW11,51.42651918,-0.332117188
TW12,51.42246509,-0.36976303
TW15,51.43072015,-0.457130589
TW17,51.39795488,-0.447910751
TW3,51.46818609,-0.363786775
TW4,51.46570786,-0.385982511
TW5,51.48154181,-0.384543145
TW9,51.46917965,-0.293346321
UB1,51.51470376,-0.373691598
UB11,51.51329356,-0.449845735
UB2,51.49958697,-0.379932389
UB4,51.52554673,-0.40828114
UB5,51.54332947,-0.376190844
UB6,51.53898617,-0.341390096
UB7,51.50461365,-0.469808411
UB8,51.53619252,-0.475781546
UB9,51.5850547,-0.492454327
W1A,51.51710344,-0.134390958
W1B,51.51429242,-0.140829541
W1C,51.51443159,-0.149372142
W1D,51.51349471,-0.132806689
W1F,51.51348843,-0.136391443
W1U,51.51865294,-0.153466302
W5,51.51293507,-0.302634348
W7,51.51182769,-0.335851434
WA1,53.39425259,-2.571709818
WA11,53.4778887,-2.719966011
WA13,53.38220567,-2.470534974
WA2,53.41041309,-2.581543653
WA3,53.45568858,-2.547847576
WA4,53.36622217,-2.577259426
WA55,53.39032511,-2.607393971
WA7,53.3303483,-2.704249057
WA88,53.367989,-2.768674
WA9,53.43624248,-2.718954199
WC1R,51.519434,-0.116202765
WC1V,51.51782863,-0.117276552
WC2R,51.51161447,-0.119128372
WD18,51.64984858,-0.415043752
WD19,51.6311076,-0.390915899
WD3,51.64622448,-0.482302584
WD4,51.70934527,-0.457084551
WD7,51.6864608,-0.310848248
WF1,53.68665378,-1.493744798
WF10,53.72403121,-1.346171721
WF13,53.69227666,-1.646540911
WF15,53.70828726,-1.700364726
WF17,53.71891283,-1.642381413
WF2,53.67256779,-1.512014307
WF3,53.7238509,-1.525466058
WF4,53.64736692,-1.519801462
WF7,53.6669867,-1.35232467
WN4,53.49377518,-2.64430401
WN5,53.53197413,-2.687028457
WN7,53.49801402,-2.517906721
WR1,52.1970441,-2.219443991
WR10,52.1147081,-2.066088628
WR11,52.09549911,-1.929795937
WR12,52.04168726,-1.872897337
WR13,52.09406642,-2.343759986
WR14,52.11409114,-2.320582821
WR15,52.30547122,-2.5691353
WR2,52.18926506,-2.245382233
WR3,52.21672185,-2.213095455
WR4,52.20547173,-2.186690181
WR7,52.19756345,-2.056107818
WR9,52.26806152,-2.158734801
WR99,52.2025644,-2.1881344
WS10,52.56053318,-2.022369342
WS12,52.70604505,-2.002403673
WS13,52.69190639,-1.820968193
WS15,52.75880132,-1.918661233
WS5,52.56652714,-1.958587649
WS7,52.68011408,-1.919255952
WV10,52.61904114,-2.113126466
WV11,52.61037261,-2.072237138
WV14,52.55731209,-2.079362034
WV5,52.53381801,-2.210027944
WV6,52.59695035,-2.181256827
WV8,52.62549617,-2.186962604
YO1,53.95870655,-1.083062794
YO13,54.28791246,-0.50021231
YO15,54.09426471,-0.177808279
YO17,54.1368839,-0.755647854
YO19,53.90739051,-1.020405173
YO21,54.4770344,-0.712189342
YO22,54.45101511,-0.62284871
YO24,53.94614726,-1.116761673
YO26,53.97465829,-1.172541136
YO30,53.98658692,-1.115765832
YO31,53.96985876,-1.064787629
YO32,54.0117961,-1.059712819
YO43,53.84903731,-0.683729722
YO51,54.08970623,-1.394644751
YO60,54.08656262,-0.940465049
YO61,54.11818654,-1.196955307
YO62,54.24669248,-0.993785232
YO90,53.95979218,-1.090448636
YO91,53.977726,-1.066803857
ZE2,60.32174344,-1.227692322
